[2026-03-04 15:44:07] Log cleared for new killchain scan.
[2026-03-04 15:44:08] [START] [START] Kill Chain Audit: testphp.vulnweb.com (Profile: Full Scan, Aggression: Attack)
[2026-03-04 15:44:08] [EVENT] EVENT: scan_status | PAYLOAD: {"message": "Starting scan...", "phase": "Initialization"}
[2026-03-04 15:44:08] [INFO] [+] Resolved testphp.vulnweb.com to IP: 44.228.249.3
[2026-03-04 15:44:08] [INFO] [SETUP] Starting background traffic capture...
[2026-03-04 15:44:09] [EVENT] EVENT: scan_status | PAYLOAD: {"message": "Running Recon Phase...", "phase": "recon_phase"}
[2026-03-04 15:44:09] [PHASE] [PHASE] RECONNAISSANCE - Surface Area Discovery
[2026-03-04 15:44:09] [STAGE] [STAGE] Scanning for subdomains and active hosts...
[2026-03-04 15:44:17] [INFO] [+] Found 1 potential subdomains.
[2026-03-04 15:44:17] [STAGE] [STAGE] Resolving subdomain IPs...
[2026-03-04 15:45:20] [INFO] [+] Resolved 1 host IPs.
[2026-03-04 15:45:20] [STAGE] [STAGE] Detecting target technology stack...
[2026-03-04 15:45:21] [INFO] [+] Detected technologies: Server, Language
[2026-03-04 15:45:21] [EVENT] EVENT: scan_status | PAYLOAD: {"message": "Running Network Audit Phase...", "phase": "network_audit_phase"}
[2026-03-04 15:45:21] [PHASE] [PHASE] NETWORK AUDIT - Infrastructure Assessment
[2026-03-04 15:45:21] [INFO] [+] Resolved testphp.vulnweb.com to IP: 44.228.249.3
[2026-03-04 15:45:21] [STAGE] [STAGE] Running Nmap full scan on 44.228.249.3...
[2026-03-04 15:51:58] [INFO] [+] Nmap scan completed. Found 1 open ports.
[2026-03-04 15:51:58] [STAGE] [STAGE] Attempting brute-force on open services (Level: aggressive)...
[2026-03-04 15:51:59] [INFO] [+] No exploitable services found or brute-force failed.
[2026-03-04 15:51:59] [EVENT] EVENT: scan_status | PAYLOAD: {"message": "Running Waf Detect Phase...", "phase": "waf_detect_phase"}
[2026-03-04 15:51:59] [PHASE] [PHASE] WAF DETECTION
[2026-03-04 15:51:59] [STAGE] [STAGE] Checking for Web Application Firewall (WAF)...
[2026-03-04 15:52:06] [INFO] [+] No WAF detected.
[2026-03-04 15:52:06] [EVENT] EVENT: scan_status | PAYLOAD: {"message": "Running Web Audit Phase...", "phase": "web_audit_phase"}
[2026-03-04 15:52:06] [PHASE] [PHASE] WEB AUDIT - Application Assessment
[2026-03-04 15:52:06] [STAGE] [STAGE] Crawling web application (Max Pages: 1000)...
[2026-03-04 15:52:12] [INFO] [+] Crawler found 26 URLs, 38 forms, and 0 API endpoints.
[2026-03-04 15:52:12] [STAGE] [STAGE] Performing directory fuzzing (Max Depth: 4)...
[2026-03-04 15:52:22] [INFO] [+] Directory fuzzer found 3 potential paths.
[2026-03-04 15:52:22] [STAGE] [STAGE] Running advanced web vulnerability checks...
[2026-03-04 15:52:30] [INFO] [+] Web vulnerability scanner found 3 findings.
[2026-03-04 15:52:30] [STAGE] [STAGE] Running custom parameter injection scanner...
[2026-03-04 15:52:30] [INFO] [+] Custom scanner found 0 findings.
[2026-03-04 15:52:30] [STAGE] [STAGE] Running logic-based vulnerability checks...
[2026-03-04 15:52:30] [INFO] [+] Logic scanner found 0 findings.
[2026-03-04 15:52:30] [EVENT] EVENT: scan_status | PAYLOAD: {"message": "Running Zap Scan Phase...", "phase": "zap_scan_phase"}
[2026-03-04 15:52:30] [PHASE] [PHASE] ZAP SCAN - Comprehensive DAST
[2026-03-04 15:52:30] [STAGE] [STAGE] Starting OWASP ZAP quick scan...
[2026-03-04 15:52:30] [ZAP] [*] ZAP: Initializing on port 27330...
[2026-03-04 15:52:30] [ZAP] [*] Waiting for ZAP initialization on port 27330 (timeout: 240s)...
[2026-03-04 15:52:30] [ZAP] [ZAP Daemon] C:\Program Files\ZAP\Zed Attack Proxy>if exist "C:\Users\Divy\ZAP\.ZAP_JVM.properties" (set /p jvmopts= 0<"C:\Users\Divy\ZAP\.ZAP_JVM.properties" )  else (set jvmopts=-Xmx512m )
[2026-03-04 15:52:30] [ZAP] [ZAP Daemon] C:\Program Files\ZAP\Zed Attack Proxy>java -Xmx512m -jar zap-2.17.0.jar -daemon -silent -port 27330 -dir D:\NetShield\NetShieldAI\Services\temp\killchain_zap\killchain_27330 -config api.disablekey=true -config api.addrs.addr.name=.* -config api.addrs.addr.regex=true
[2026-03-04 15:52:31] [ZAP] [ZAP Daemon] 635 [main] INFO  org.parosproxy.paros.Constant - Copying default configuration to D:\NetShield\NetShieldAI\Services\temp\killchain_zap\killchain_27330\config.xml
[2026-03-04 15:52:31] [ZAP] [ZAP Daemon] 779 [main] INFO  org.parosproxy.paros.Constant - Creating directory D:\NetShield\NetShieldAI\Services\temp\killchain_zap\killchain_27330\session
[2026-03-04 15:52:31] [ZAP] [ZAP Daemon] 779 [main] INFO  org.parosproxy.paros.Constant - Creating directory D:\NetShield\NetShieldAI\Services\temp\killchain_zap\killchain_27330\dirbuster
[2026-03-04 15:52:31] [ZAP] [ZAP Daemon] 779 [main] INFO  org.parosproxy.paros.Constant - Creating directory D:\NetShield\NetShieldAI\Services\temp\killchain_zap\killchain_27330\fuzzers
[2026-03-04 15:52:31] [ZAP] [ZAP Daemon] 781 [main] INFO  org.parosproxy.paros.Constant - Creating directory D:\NetShield\NetShieldAI\Services\temp\killchain_zap\killchain_27330\plugin
[2026-03-04 15:52:31] [ZAP] [ZAP Daemon] 908 [main] INFO  org.zaproxy.zap.DaemonBootstrap - ZAP 2.17.0 started 04/03/2026, 15:52:31 with home: D:\NetShield\NetShieldAI\Services\temp\killchain_zap\killchain_27330\ cores: 12 maxMemory: 512 MB
[2026-03-04 15:52:31] [ZAP] [ZAP Daemon] 955 [main] INFO  org.parosproxy.paros.common.AbstractParam - Setting config api.disablekey = true was null
[2026-03-04 15:52:31] [ZAP] [ZAP Daemon] 955 [main] INFO  org.parosproxy.paros.common.AbstractParam - Setting config api.addrs.addr.name = .* was null
[2026-03-04 15:52:31] [ZAP] [ZAP Daemon] 956 [main] INFO  org.parosproxy.paros.common.AbstractParam - Setting config api.addrs.addr.regex = true was null
[2026-03-04 15:52:46] [ZAP] [ZAP Daemon] 15228 [ZAP-daemon] INFO  org.zaproxy.zap.control.ExtensionFactory - Installed add-ons: [[id=alertFilters, version=26.0.0], [id=ascanrules, version=78.0.0], [id=authhelper, version=0.34.0], [id=automation, version=0.58.0], [id=bruteforce, version=20.0.0], [id=callhome, version=0.20.0], [id=client, version=0.20.0], [id=commonlib, version=1.39.0], [id=database, version=0.9.0], [id=diff, version=18.0.0], [id=directorylistv1, version=9.0.0], [id=domxss, version=23.0.0], [id=encoder, version=1.8.0], [id=exim, version=0.16.0], [id=formhandler, version=6.8.0], [id=fuzz, version=13.16.0], [id=gettingStarted, version=20.0.0], [id=graaljs, version=0.12.0], [id=graphql, version=0.29.0], [id=help, version=22.0.0], [id=hud, version=0.19.0], [id=insights, version=0.0.1], [id=invoke, version=17.0.0], [id=network, version=0.25.0], [id=oast, version=0.24.0], [id=onlineMenu, version=15.0.0], [id=openapi, version=48.0.0], [id=postman, version=0.9.0], [id=pscan, version=0.6.0], [id=pscanrules, version=70.0.0], [id=quickstart, version=53.0.0], [id=replacer, version=21.0.0], [id=reports, version=0.43.0], [id=requester, version=7.9.0], [id=retest, version=0.11.0], [id=retire, version=0.52.0], [id=reveal, version=10.0.0], [id=scanpolicies, version=0.7.0], [id=scripts, version=45.17.0], [id=selenium, version=15.43.0], [id=sequence, version=9.0.0], [id=soap, version=29.0.0], [id=spider, version=0.18.0], [id=spiderAjax, version=23.29.0], [id=tips, version=16.0.0], [id=webdriverwindows, version=170.0.0], [id=websocket, version=35.0.0], [id=zest, version=48.11.0]]
[2026-03-04 15:52:46] [ZAP] [ZAP Daemon] 15235 [ZAP-daemon] INFO  org.zaproxy.zap.control.ExtensionFactory - Loading extensions
[2026-03-04 15:52:48] [ZAP] [ZAP Daemon] 17482 [ZAP-daemon] INFO  org.zaproxy.addon.network.internal.TlsUtils - Using supported SSL/TLS protocols: [TLSv1.2, TLSv1.3]
[2026-03-04 15:52:50] [ZAP] [ZAP Daemon] 20155 [ZAP-daemon] INFO  org.zaproxy.zap.control.ExtensionFactory - Extensions loaded
[2026-03-04 15:52:53] [ZAP] [ZAP Daemon] 22894 [ZAP-daemon] INFO  org.flywaydb.core.FlywayExecutor - Database: jdbc:hsqldb:file:D:/NetShield/NetShieldAI/Services/temp/killchain_zap/killchain_27330/session/untitled1 (HSQL Database Engine 2.7)
[2026-03-04 15:52:54] [ZAP] [ZAP Daemon] 23412 [ZAP-daemon] INFO  org.flywaydb.core.internal.schemahistory.JdbcTableSchemaHistory - Schema history table "PUBLIC"."AUTHHELPER_FLYWAY_SCHEMA_HISTORY" does not exist yet
[2026-03-04 15:52:54] [ZAP] [ZAP Daemon] 23480 [ZAP-daemon] INFO  org.flywaydb.core.internal.command.DbValidate - Successfully validated 6 migrations (execution time 00:00.197s)
[2026-03-04 15:52:54] [ZAP] [ZAP Daemon] 23630 [ZAP-daemon] INFO  org.flywaydb.core.internal.schemahistory.JdbcTableSchemaHistory - Creating Schema History table "PUBLIC"."AUTHHELPER_FLYWAY_SCHEMA_HISTORY" with baseline ...
[2026-03-04 15:52:55] [ZAP] [ZAP Daemon] 24337 [ZAP-daemon] INFO  org.flywaydb.core.internal.command.DbBaseline - Successfully baselined schema with version: 0
[2026-03-04 15:52:55] [ZAP] [ZAP Daemon] 24413 [ZAP-daemon] INFO  org.flywaydb.core.internal.command.DbMigrate - Current version of schema "PUBLIC": 0
[2026-03-04 15:52:55] [ZAP] [ZAP Daemon] 24611 [ZAP-daemon] INFO  org.flywaydb.core.internal.command.DbMigrate - Migrating schema "PUBLIC" to version "1 - Create tables"
[2026-03-04 15:52:55] [ZAP] [ZAP Daemon] 25010 [ZAP-daemon] INFO  org.flywaydb.core.internal.command.DbMigrate - Migrating schema "PUBLIC" to version "2 - Create storage tables"
[2026-03-04 15:52:56] [ZAP] [ZAP Daemon] 25383 [ZAP-daemon] INFO  org.flywaydb.core.internal.command.DbMigrate - Migrating schema "PUBLIC" to version "3 - Improve diags"
[2026-03-04 15:52:56] [ZAP] [ZAP Daemon] 25635 [ZAP-daemon] INFO  org.flywaydb.core.internal.command.DbMigrate - Migrating schema "PUBLIC" to version "4 - Web element selector"
[2026-03-04 15:52:56] [ZAP] [ZAP Daemon] 25714 [ZAP-daemon] INFO  org.flywaydb.core.internal.command.DbMigrate - Migrating schema "PUBLIC" to version "5 - Af plan"
[2026-03-04 15:52:56] [ZAP] [ZAP Daemon] 25795 [ZAP-daemon] INFO  org.flywaydb.core.internal.command.DbMigrate - Migrating schema "PUBLIC" to version "6 - Auth report data"
[2026-03-04 15:52:56] [ZAP] [ZAP Daemon] 25864 [ZAP-daemon] INFO  org.flywaydb.core.internal.command.DbMigrate - Successfully applied 6 migrations to schema "PUBLIC", now at version v6 (execution time 00:00.394s)
[2026-03-04 15:53:07] [ZAP] [ZAP Daemon] 36712 [ZAP-daemon] INFO  org.parosproxy.paros.extension.ExtensionLoader - Initializing Auto-update Extension - Allows ZAP to check for updates
[2026-03-04 15:53:07] [ZAP] [ZAP Daemon] 36804 [ZAP-daemon] INFO  org.parosproxy.paros.extension.ExtensionLoader - Initializing Options Extension - Options Extension
[2026-03-04 15:53:07] [ZAP] [ZAP Daemon] 36804 [ZAP-daemon] INFO  org.parosproxy.paros.extension.ExtensionLoader - Initializing Edit Menu Extension - Edit Menu Extension
[2026-03-04 15:53:07] [ZAP] [ZAP Daemon] 36887 [ZAP-daemon] INFO  org.parosproxy.paros.extension.ExtensionLoader - Initializing API Extension - Provides a rest based API for controlling and accessing ZAP
[2026-03-04 15:53:07] [ZAP] [ZAP Daemon] 37067 [ZAP-daemon] INFO  org.parosproxy.paros.extension.ExtensionLoader - Initializing History Extension - History Extension
[2026-03-04 15:53:07] [ZAP] [ZAP Daemon] 37083 [ZAP-daemon] INFO  org.parosproxy.paros.extension.ExtensionLoader - Initializing ExtensionReveal - Show hidden fields and enable disabled fields
[2026-03-04 15:53:07] [ZAP] [ZAP Daemon] 37102 [ZAP-daemon] INFO  org.parosproxy.paros.extension.ExtensionLoader - Initializing Search Extension - Search messages for strings and regular expressions
[2026-03-04 15:53:07] [ZAP] [ZAP Daemon] 37115 [ZAP-daemon] INFO  org.parosproxy.paros.extension.ExtensionLoader - Initializing Breakpoint Extension - Allows you to intercept and modify requests and responses
[2026-03-04 15:53:07] [ZAP] [ZAP Daemon] 37126 [ZAP-daemon] INFO  org.parosproxy.paros.extension.ExtensionLoader - Initializing Passive Scan Extension - Passive scanner
[2026-03-04 15:53:07] [ZAP] [ZAP Daemon] 37135 [ZAP-daemon] INFO  org.parosproxy.paros.extension.ExtensionLoader - Initializing Alerts Extension - Allows you to view and manage alerts
[2026-03-04 15:53:07] [ZAP] [ZAP Daemon] 37152 [ZAP-daemon] INFO  org.parosproxy.paros.extension.ExtensionLoader - Initializing Active Scan Extension - Active scanner, heavily based on the original Paros active scanner, but with additional tests added
[2026-03-04 15:53:08] [ZAP] [ZAP Daemon] 37217 [ZAP-daemon] INFO  org.parosproxy.paros.extension.ExtensionLoader - Initializing ExtensionSequence - ExtensionSequence
[2026-03-04 15:53:08] [ZAP] [ZAP Daemon] 37223 [ZAP-daemon] INFO  org.parosproxy.paros.extension.ExtensionLoader - Initializing Standard Menus Extension - A set of common popup menus for miscellaneous tasks
[2026-03-04 15:53:08] [ZAP] [ZAP Daemon] 37228 [ZAP-daemon] INFO  org.parosproxy.paros.extension.ExtensionLoader - Initializing ExtensionBruteForce - Forced browsing of files and directories using code from the OWASP DirBuster tool
[2026-03-04 15:53:08] [ZAP] [ZAP Daemon] 37240 [ZAP-daemon] INFO  org.parosproxy.paros.extension.ExtensionLoader - Initializing Compare Extension - Compares 2 sessions and generates an HTML file showing the differences
[2026-03-04 15:53:08] [ZAP] [ZAP Daemon] 37241 [ZAP-daemon] INFO  org.parosproxy.paros.extension.ExtensionLoader - Initializing ExtensionInvoke - Invoke external applications passing context related information such as URLs and parameters
[2026-03-04 15:53:08] [ZAP] [ZAP Daemon] 37241 [ZAP-daemon] INFO  org.parosproxy.paros.extension.ExtensionLoader - Initializing Anti-CSRF Extension - Handles anti cross site request forgery (CSRF) tokens
[2026-03-04 15:53:08] [ZAP] [ZAP Daemon] 37300 [ZAP-daemon] INFO  org.parosproxy.paros.extension.ExtensionLoader - Initializing Authentication Extension - Authentication Extension
[2026-03-04 15:53:08] [ZAP] [ZAP Daemon] 37348 [ZAP-daemon] INFO  org.zaproxy.zap.extension.authentication.ExtensionAuthentication - Loaded authentication method types: [Form-based Authentication, HTTP/NTLM Authentication, Manual Authentication, Script-based Authentication, JSON-based Authentication]
[2026-03-04 15:53:08] [ZAP] [ZAP Daemon] 37359 [ZAP-daemon] INFO  org.parosproxy.paros.extension.ExtensionLoader - Initializing Users Extension - Users Extension
[2026-03-04 15:53:08] [ZAP] [ZAP Daemon] 37364 [ZAP-daemon] INFO  org.parosproxy.paros.extension.ExtensionLoader - Initializing Parameters Extension - Summarise and analyse FORM and URL parameters as well as cookies
[2026-03-04 15:53:08] [ZAP] [ZAP Daemon] 37368 [ZAP-daemon] INFO  org.parosproxy.paros.extension.ExtensionLoader - Initializing Script Extension - Script integration
[2026-03-04 15:53:08] [ZAP] [ZAP Daemon] 37395 [ZAP-daemon] INFO  org.parosproxy.paros.extension.ExtensionLoader - Initializing ExtensionScripts - Scripting console, supports all JSR 223 scripting languages
[2026-03-04 15:53:08] [ZAP] [ZAP Daemon] 37438 [ZAP-daemon] INFO  org.parosproxy.paros.extension.ExtensionLoader - Initializing Forced User Extension - Forced User Extension
[2026-03-04 15:53:08] [ZAP] [ZAP Daemon] 37440 [ZAP-daemon] INFO  org.parosproxy.paros.extension.ExtensionLoader - Initializing HTTP Sessions Extension - Extension handling HTTP sessions
[2026-03-04 15:53:08] [ZAP] [ZAP Daemon] 37446 [ZAP-daemon] INFO  org.parosproxy.paros.extension.ExtensionLoader - Initializing ExtensionZest - Zest is a specialized scripting language, originally, from Mozilla specifically designed to be used in security tools
[2026-03-04 15:53:09] [ZAP] [ZAP Daemon] 38288 [ZAP-daemon] INFO  org.parosproxy.paros.extension.ExtensionLoader - Initializing ExtensionDiff - ExtensionDiff
[2026-03-04 15:53:09] [ZAP] [ZAP Daemon] 38300 [ZAP-daemon] INFO  org.parosproxy.paros.extension.ExtensionLoader - Initializing HTTP Panel Post Table View Extension - HTTP Panel Post Table View Extension
[2026-03-04 15:53:09] [ZAP] [ZAP Daemon] 38301 [ZAP-daemon] INFO  org.parosproxy.paros.extension.ExtensionLoader - Initializing Encoder Addon - Adds support for scriptable encoders to ZAP.
[2026-03-04 15:53:09] [ZAP] [ZAP Daemon] 38307 [ZAP-daemon] INFO  org.parosproxy.paros.extension.ExtensionLoader - Initializing Session Management Extension - Session Management Extension
[2026-03-04 15:53:09] [ZAP] [ZAP Daemon] 38324 [ZAP-daemon] INFO  org.zaproxy.zap.extension.sessions.ExtensionSessionManagement - Loaded session management method types: [Cookie-based Session Management, HTTP Authentication Session Management, Script-based Session Management]
[2026-03-04 15:53:09] [ZAP] [ZAP Daemon] 38330 [ZAP-daemon] INFO  org.parosproxy.paros.extension.ExtensionLoader - Initializing HTTP Panel Form Table View Extension - HTTP Panel Form Table View Extension
[2026-03-04 15:53:09] [ZAP] [ZAP Daemon] 38331 [ZAP-daemon] INFO  org.parosproxy.paros.extension.ExtensionLoader - Initializing WebSockets Support - Capture messages from WebSockets with the ability to set breakpoints.
[2026-03-04 15:53:09] [ZAP] [ZAP Daemon] 38399 [ZAP-daemon] INFO  org.parosproxy.paros.extension.ExtensionLoader - Initializing SOAP/WSDL Support - Allows you to import a WSDL file containing operations which ZAP will access, adding them to the Sites tree.
[2026-03-04 15:53:09] [ZAP] [ZAP Daemon] 38405 [ZAP-daemon] INFO  org.parosproxy.paros.extension.ExtensionLoader - Initializing Core UI Extension - Core UI related functionality.
[2026-03-04 15:53:09] [ZAP] [ZAP Daemon] 38408 [ZAP-daemon] INFO  org.parosproxy.paros.extension.ExtensionLoader - Initializing Authorization Extension - Authorization Extension
[2026-03-04 15:53:09] [ZAP] [ZAP Daemon] 38414 [ZAP-daemon] INFO  org.parosproxy.paros.extension.ExtensionLoader - Initializing Requester - Allows to manually edit and send messages.
[2026-03-04 15:53:09] [ZAP] [ZAP Daemon] 38428 [ZAP-daemon] INFO  org.parosproxy.paros.extension.ExtensionLoader - Initializing AJAX Spider - AJAX Spider, uses Crawljax
[2026-03-04 15:53:09] [ZAP] [ZAP Daemon] 38453 [ZAP-daemon] INFO  org.parosproxy.paros.extension.ExtensionLoader - Initializing WebDriver Provider - Provides WebDrivers to control several browsers using Selenium and includes HtmlUnit browser.
[2026-03-04 15:53:09] [ZAP] [ZAP Daemon] 38514 [ZAP-daemon] INFO  org.parosproxy.paros.extension.ExtensionLoader - Initializing Refresh Sites Tree Extension - Adds menu item to refresh the Sites tree
[2026-03-04 15:53:09] [ZAP] [ZAP Daemon] 38514 [ZAP-daemon] INFO  org.parosproxy.paros.extension.ExtensionLoader - Initializing Help Extension - ZAP User Guide
[2026-03-04 15:53:09] [ZAP] [ZAP Daemon] 38517 [ZAP-daemon] INFO  org.parosproxy.paros.extension.ExtensionLoader - Initializing Call Home - Handles all of the calls to ZAP services
[2026-03-04 15:53:09] [ZAP] [ZAP Daemon] 38521 [ZAP-daemon] INFO  org.parosproxy.paros.extension.ExtensionLoader - Initializing Network Extension - Provides core networking capabilities.
[2026-03-04 15:53:09] [ZAP] [ZAP Daemon] 38629 [ZAP-daemon] INFO  org.zaproxy.addon.network.ConnectionOptions - Unsafe SSL/TLS renegotiation disabled.
[2026-03-04 15:53:09] [ZAP] [ZAP Daemon] 38640 [ZAP-daemon] INFO  org.parosproxy.paros.extension.ExtensionLoader - Initializing Extension Configuration Extension - Allows you to configure which extensions are loaded when ZAP starts
[2026-03-04 15:53:09] [ZAP] [ZAP Daemon] 38640 [ZAP-daemon] INFO  org.parosproxy.paros.extension.ExtensionLoader - Initializing Combined HTTP Panels Extension - Combined HTTP Panels Extension
[2026-03-04 15:53:09] [ZAP] [ZAP Daemon] 38643 [ZAP-daemon] INFO  org.parosproxy.paros.extension.ExtensionLoader - Initializing HTTP Panel Hex View Extension - HTTP Panel Hex View Extension
[2026-03-04 15:53:09] [ZAP] [ZAP Daemon] 38645 [ZAP-daemon] INFO  org.parosproxy.paros.extension.ExtensionLoader - Initializing HTTP Panel Image View Extension - HTTP Panel Image View Extension
[2026-03-04 15:53:09] [ZAP] [ZAP Daemon] 38645 [ZAP-daemon] INFO  org.parosproxy.paros.extension.ExtensionLoader - Initializing HTTP Panel Query Table View Extension - HTTP Panel Query Table View Extension
[2026-03-04 15:53:09] [ZAP] [ZAP Daemon] 38646 [ZAP-daemon] INFO  org.parosproxy.paros.extension.ExtensionLoader - Initializing HTTP Panel Syntax Highlighter View Extension - HTTP Panel Syntax Highlighter View Extension
[2026-03-04 15:53:09] [ZAP] [ZAP Daemon] 38646 [ZAP-daemon] INFO  org.parosproxy.paros.extension.ExtensionLoader - Initializing Keyboard Configuration Extension - Adds support for configurable keyboard shortcuts for all of the ZAP menus.
[2026-03-04 15:53:09] [ZAP] [ZAP Daemon] 38647 [ZAP-daemon] INFO  org.parosproxy.paros.extension.ExtensionLoader - Initializing Scanner Rule Configuration Extension - Active and passive rule configuration
[2026-03-04 15:53:09] [ZAP] [ZAP Daemon] 38653 [ZAP-daemon] INFO  org.parosproxy.paros.extension.ExtensionLoader - Initializing Statistics Extension - Statistics
[2026-03-04 15:53:09] [ZAP] [ZAP Daemon] 38657 [ZAP-daemon] INFO  org.zaproxy.zap.extension.stats.ExtensionStats - Start recording in memory stats
[2026-03-04 15:53:09] [ZAP] [ZAP Daemon] 38658 [ZAP-daemon] INFO  org.parosproxy.paros.extension.ExtensionLoader - Initializing Custom Pages Extension - Custom Pages Definition
[2026-03-04 15:53:09] [ZAP] [ZAP Daemon] 38661 [ZAP-daemon] INFO  org.parosproxy.paros.extension.ExtensionLoader - Initializing ExtensionAlertFilters - Context alert rules filter
[2026-03-04 15:53:09] [ZAP] [ZAP Daemon] 38668 [ZAP-daemon] INFO  org.parosproxy.paros.extension.ExtensionLoader - Initializing Alert Filters Automation - Alert Filters Automation Framework Integration
[2026-03-04 15:53:09] [ZAP] [ZAP Daemon] 38678 [ZAP-daemon] INFO  org.parosproxy.paros.extension.ExtensionLoader - Initializing Active Scan Rules - Release status active scan rules
[2026-03-04 15:53:09] [ZAP] [ZAP Daemon] 38680 [ZAP-daemon] INFO  org.parosproxy.paros.extension.ExtensionLoader - Initializing Authentication Helper - Authentication Helper
[2026-03-04 15:53:09] [ZAP] [ZAP Daemon] 38703 [ZAP-daemon] INFO  org.parosproxy.paros.extension.ExtensionLoader - Initializing Client Spider Browser Based Authentication Support - Enables browser based authentication when performing an authenticated Client Spider scan.
[2026-03-04 15:53:09] [ZAP] [ZAP Daemon] 38713 [ZAP-daemon] INFO  org.parosproxy.paros.extension.ExtensionLoader - Initializing Authentication Helper Reports - Authentication Helper Reports
[2026-03-04 15:53:09] [ZAP] [ZAP Daemon] 38721 [ZAP-daemon] INFO  org.parosproxy.paros.extension.ExtensionLoader - Initializing AJAX Spider Browser Based Authentication Support - Enables browser based authentication when performing an authenticated AJAX Spider scan.
[2026-03-04 15:53:09] [ZAP] [ZAP Daemon] 38723 [ZAP-daemon] INFO  org.parosproxy.paros.extension.ExtensionLoader - Initializing Automation Framework - Provides functionality to simplify using ZAP in an automated manner
[2026-03-04 15:53:09] [ZAP] [ZAP Daemon] 38732 [ZAP-daemon] INFO  org.parosproxy.paros.extension.ExtensionLoader - Initializing ExtensionClientIntegration - Client Side Integration
[2026-03-04 15:53:09] [ZAP] [ZAP Daemon] 38760 [ZAP-daemon] INFO  org.parosproxy.paros.extension.ExtensionLoader - Initializing Client Spider Automation - Client Spider Automation Framework Integration
[2026-03-04 15:53:09] [ZAP] [ZAP Daemon] 38768 [ZAP-daemon] INFO  org.parosproxy.paros.extension.ExtensionLoader - Initializing Client Zest Script Recording Support - Allows recording client events as Zest scripts.
[2026-03-04 15:53:09] [ZAP] [ZAP Daemon] 38791 [ZAP-daemon] INFO  org.parosproxy.paros.extension.ExtensionLoader - Initializing Common Library - A library of shared functionality
[2026-03-04 15:53:09] [ZAP] [ZAP Daemon] 38794 [ZAP-daemon] INFO  org.parosproxy.paros.extension.ExtensionLoader - Initializing Database Extension - Provides databases and persistence capabilities.
[2026-03-04 15:53:09] [ZAP] [ZAP Daemon] 38795 [ZAP-daemon] INFO  org.parosproxy.paros.extension.ExtensionLoader - Initializing ExtensionDomXSS - DOM XSS Active Scan Rule
[2026-03-04 15:53:09] [ZAP] [ZAP Daemon] 39192 [ZAP-daemon] INFO  org.parosproxy.paros.extension.ExtensionLoader - Initializing Import/Export - Import and Export functionality supporting multiple formats.
[2026-03-04 15:53:09] [ZAP] [ZAP Daemon] 39201 [ZAP-daemon] INFO  org.parosproxy.paros.extension.ExtensionLoader - Initializing Import/Export Automation - Import/Export Automation Framework Integration
[2026-03-04 15:53:10] [ZAP] [ZAP Daemon] 39221 [ZAP-daemon] INFO  org.parosproxy.paros.extension.ExtensionLoader - Initializing ExtensionFormHandler - This extension allows a user to change the default values used for generated content (e.g. spiders, importers).
[2026-03-04 15:53:10] [ZAP] [ZAP Daemon] 39240 [ZAP-daemon] INFO  org.parosproxy.paros.extension.ExtensionLoader - Initializing Advance Fuzzer - Provides the foundation for concrete message types (for example, HTTP, WebSockets) expose fuzzer implementations.
[2026-03-04 15:53:10] [ZAP] [ZAP Daemon] 39243 [ZAP-daemon] INFO  org.parosproxy.paros.extension.ExtensionLoader - Initializing HTTP Fuzzer - Allows to fuzz HTTP messages.
[2026-03-04 15:53:10] [ZAP] [ZAP Daemon] 39249 [ZAP-daemon] INFO  org.parosproxy.paros.extension.ExtensionLoader - Initializing ExtensionGettingStarted - The ZAP Getting Started Guide
[2026-03-04 15:53:10] [ZAP] [ZAP Daemon] 39250 [ZAP-daemon] INFO  org.parosproxy.paros.extension.ExtensionLoader - Initializing GraalVM JavaScript Engine Extension - Provides the GraalVM JavaScript engine for ZAP scripting.
[2026-03-04 15:53:11] [ZAP] [ZAP Daemon] 40541 [ZAP-daemon] INFO  org.parosproxy.paros.extension.ExtensionLoader - Initializing ExtensionGraphQl - Allows you to inspect and attack GraphQL endpoints.
[2026-03-04 15:53:11] [ZAP] [ZAP Daemon] 40559 [ZAP-daemon] INFO  org.parosproxy.paros.extension.ExtensionLoader - Initializing GraphQL Automation - GraphQL Automation Framework Integration
[2026-03-04 15:53:11] [ZAP] [ZAP Daemon] 40565 [ZAP-daemon] INFO  org.parosproxy.paros.extension.ExtensionLoader - Initializing GraphQL Spider - GraphQL Spider Integration
[2026-03-04 15:53:11] [ZAP] [ZAP Daemon] 40570 [ZAP-daemon] INFO  org.parosproxy.paros.extension.ExtensionLoader - Initializing ExtensionHUD - Heads Up Display
[2026-03-04 15:53:15] [ZAP] [ZAP Daemon] WARNING: A terminally deprecated method in sun.misc.Unsafe has been called
[2026-03-04 15:53:15] [ZAP] [ZAP Daemon] WARNING: Please consider reporting this to the maintainers of class io.netty.util.internal.PlatformDependent0$4
[2026-03-04 15:53:15] [ZAP] [ZAP Daemon] WARNING: sun.misc.Unsafe::objectFieldOffset will be removed in a future release
[2026-03-04 15:53:16] [ZAP] [ZAP Daemon] 45646 [ZAP-daemon] INFO  org.parosproxy.paros.extension.ExtensionLoader - Initializing ExtensionHUDlaunch - ExtensionHUDlaunch
[2026-03-04 15:53:16] [ZAP] [ZAP Daemon] 45654 [ZAP-daemon] INFO  org.parosproxy.paros.extension.ExtensionLoader - Initializing ExtensionInsights - Insights Extension
[2026-03-04 15:53:16] [ZAP] [ZAP Daemon] 45662 [ZAP-daemon] INFO  org.parosproxy.paros.extension.ExtensionLoader - Initializing Alert Filters Automation - Alert Filters Automation Framework Integration
[2026-03-04 15:53:16] [ZAP] [ZAP Daemon] 45669 [ZAP-daemon] INFO  org.parosproxy.paros.extension.ExtensionLoader - Initializing Insights Reports Extension - Adds Insights to the report data
[2026-03-04 15:53:16] [ZAP] [ZAP Daemon] 45669 [ZAP-daemon] INFO  org.parosproxy.paros.extension.ExtensionLoader - Initializing Out-of-band Application Security Testing - Adds Out-of-band Application Security Testing functionality.
[2026-03-04 15:53:16] [ZAP] [ZAP Daemon] 45820 [ZAP-daemon] INFO  org.parosproxy.paros.extension.ExtensionLoader - Initializing OAST Scripts - Adds OAST scripts.
[2026-03-04 15:53:16] [ZAP] [ZAP Daemon] 45821 [ZAP-daemon] INFO  org.parosproxy.paros.extension.ExtensionLoader - Initializing ExtensionOnlineMenu - The Online menu links
[2026-03-04 15:53:16] [ZAP] [ZAP Daemon] 45821 [ZAP-daemon] INFO  org.parosproxy.paros.extension.ExtensionLoader - Initializing OpenAPI Import - Allows you to spider and import OpenAPI (Swagger) definitions
[2026-03-04 15:53:16] [ZAP] [ZAP Daemon] 45829 [ZAP-daemon] INFO  org.parosproxy.paros.extension.ExtensionLoader - Initializing OpenAPI Automation - OpenAPI Automation Framework Integration
[2026-03-04 15:53:16] [ZAP] [ZAP Daemon] 45832 [ZAP-daemon] INFO  org.parosproxy.paros.extension.ExtensionLoader - Initializing OpenAPI Spider - OpenAPI Spider Integration
[2026-03-04 15:53:16] [ZAP] [ZAP Daemon] 45842 [ZAP-daemon] INFO  org.parosproxy.paros.extension.ExtensionLoader - Initializing Postman Import - Allows you to spider and import Postman collections
[2026-03-04 15:53:16] [ZAP] [ZAP Daemon] 45849 [ZAP-daemon] INFO  org.parosproxy.paros.extension.ExtensionLoader - Initializing Postman Automation - Postman Automation Framework Integration
[2026-03-04 15:53:16] [ZAP] [ZAP Daemon] 45855 [ZAP-daemon] INFO  org.parosproxy.paros.extension.ExtensionLoader - Initializing Passive Scanner Extension - Provides core passive scanning capabilities.
[2026-03-04 15:53:16] [ZAP] [ZAP Daemon] 45923 [ZAP-daemon] INFO  org.parosproxy.paros.extension.ExtensionLoader - Initializing Passive Scanner Automation Framework Extension - Provides jobs and result data related to the passive scanner.
[2026-03-04 15:53:16] [ZAP] [ZAP Daemon] 45924 [ZAP-daemon] INFO  org.parosproxy.paros.extension.ExtensionLoader - Initializing Passive Scan Rules - Release status passive scan rules.
[2026-03-04 15:53:16] [ZAP] [ZAP Daemon] 45930 [ZAP-daemon] INFO  org.parosproxy.paros.extension.ExtensionLoader - Initializing Quick Start panel  - Adds the Quick Start panel for scanning and exploring applications
[2026-03-04 15:53:16] [ZAP] [ZAP Daemon] 45938 [ZAP-daemon] INFO  org.parosproxy.paros.extension.ExtensionLoader - Initializing Quick Start Ajax Spider integration - Add the option to use the Ajax Spider in the Quick Start scan
[2026-03-04 15:53:16] [ZAP] [ZAP Daemon] 45938 [ZAP-daemon] INFO  org.parosproxy.paros.extension.ExtensionLoader - Initializing Quick Start HUD Integration - HUD integration for the quick start panel
[2026-03-04 15:53:16] [ZAP] [ZAP Daemon] 45939 [ZAP-daemon] INFO  org.parosproxy.paros.extension.ExtensionLoader - Initializing Quick Start Browser Launcher - Launch browsers preset proxying through ZAP
[2026-03-04 15:53:16] [ZAP] [ZAP Daemon] 45954 [ZAP-daemon] INFO  org.parosproxy.paros.extension.ExtensionLoader - Initializing Quick Start Spider Integration - Adds the option to use the traditional Spider in the Quick Start scan.
[2026-03-04 15:53:16] [ZAP] [ZAP Daemon] 45961 [ZAP-daemon] INFO  org.parosproxy.paros.extension.ExtensionLoader - Initializing Match and Replace - Easy way to replace strings in requests and responses
[2026-03-04 15:53:16] [ZAP] [ZAP Daemon] 45991 [ZAP-daemon] INFO  org.parosproxy.paros.extension.ExtensionLoader - Initializing Replacer Automation - Replacer Automation Framework Integration
[2026-03-04 15:53:16] [ZAP] [ZAP Daemon] 46002 [ZAP-daemon] INFO  org.parosproxy.paros.extension.ExtensionLoader - Initializing Report Generator - Templated and themed report generation functionality
[2026-03-04 15:53:16] [ZAP] [ZAP Daemon] 46009 [ZAP-daemon] INFO  org.parosproxy.paros.extension.ExtensionLoader - Initializing Report Generation Automation Integration - Report Generation Automation Integration
[2026-03-04 15:53:16] [ZAP] [ZAP Daemon] 46030 [ZAP-daemon] INFO  org.parosproxy.paros.extension.ExtensionLoader - Initializing Retest - Facilitates the verification of presence/absence of certain alerts.
[2026-03-04 15:53:16] [ZAP] [ZAP Daemon] 46032 [ZAP-daemon] INFO  org.parosproxy.paros.extension.ExtensionLoader - Initializing Scripts Automation Framework Integration - Scripts Automation
[2026-03-04 15:53:16] [ZAP] [ZAP Daemon] 46083 [ZAP-daemon] INFO  org.parosproxy.paros.extension.ExtensionLoader - Initializing Sequence Automation - Sequence Automation Framework Integration
[2026-03-04 15:53:16] [ZAP] [ZAP Daemon] 46111 [ZAP-daemon] INFO  org.parosproxy.paros.extension.ExtensionLoader - Initializing SOAP Automation - SOAP Automation Framework Integration
[2026-03-04 15:53:16] [ZAP] [ZAP Daemon] 46119 [ZAP-daemon] INFO  org.parosproxy.paros.extension.ExtensionLoader - Initializing SOAP Spider - SOAP Spider Integration
[2026-03-04 15:53:16] [ZAP] [ZAP Daemon] 46125 [ZAP-daemon] INFO  org.parosproxy.paros.extension.ExtensionLoader - Initializing Spider Extension - Spider used for automatically finding URIs on a site.
[2026-03-04 15:53:17] [ZAP] [ZAP Daemon] 46232 [ZAP-daemon] INFO  org.parosproxy.paros.extension.ExtensionLoader - Initializing Spider Automation - Spider Automation Integration
[2026-03-04 15:53:17] [ZAP] [ZAP Daemon] 46243 [ZAP-daemon] INFO  org.parosproxy.paros.extension.ExtensionLoader - Initializing Ajax Spider Automation - Ajax Spider Automation Framework Integration
[2026-03-04 15:53:17] [ZAP] [ZAP Daemon] 46258 [ZAP-daemon] INFO  org.parosproxy.paros.extension.ExtensionLoader - Initializing ExtensionTipsAndTricks - Tips and Tricks
[2026-03-04 15:53:17] [ZAP] [ZAP Daemon] 46259 [ZAP-daemon] INFO  org.parosproxy.paros.extension.ExtensionLoader - Initializing WebSocket Fuzzer - Allows to fuzz WebSocket messages.
[2026-03-04 15:53:17] [ZAP] [ZAP Daemon] 46259 [ZAP-daemon] INFO  org.parosproxy.paros.extension.ExtensionLoader - Initializing WebSocket Message Editor - Provides the WebSocket Message Editor dialogues.
[2026-03-04 15:53:17] [ZAP] [ZAP Daemon] 46722 [ZAP-daemon] WARN  org.openqa.selenium.manager.SeleniumManager - Unable to discover proper geckodriver version in offline mode
[2026-03-04 15:53:17] [ZAP] [ZAP Daemon] 46771 [ZAP-daemon] WARN  org.zaproxy.zap.extension.selenium.internal.FirefoxProfileManager - Unable to find Firefox binary through SeleniumManager.
[2026-03-04 15:53:17] [ZAP] [ZAP Daemon] 46771 [ZAP-daemon] ERROR org.zaproxy.addon.client.ExtensionClientIntegration - Failed to get or create Firefox profile zap-client-profile
[2026-03-04 15:53:18] [ZAP] [ZAP Daemon] 47481 [ZAP-daemon] INFO  org.zaproxy.addon.oast.services.callback.CallbackService - Started callback service on 0.0.0.0:27411
[2026-03-04 15:53:18] [ZAP] [ZAP Daemon] 47501 [ZAP-daemon] INFO  org.zaproxy.addon.pscan.internal.ScanRuleManager - Loaded passive scan rule: Authentication Request Identified
[2026-03-04 15:53:18] [ZAP] [ZAP Daemon] 47501 [ZAP-daemon] INFO  org.zaproxy.addon.pscan.internal.ScanRuleManager - Loaded passive scan rule: Session Management Response Identified
[2026-03-04 15:53:18] [ZAP] [ZAP Daemon] 47505 [ZAP-daemon] INFO  org.zaproxy.addon.pscan.internal.ScanRuleManager - Loaded passive scan rule: Verification Request Identified
[2026-03-04 15:53:18] [ZAP] [ZAP Daemon] 47629 [ZAP-daemon] INFO  org.zaproxy.addon.pscan.internal.ScanRuleManager - Loaded passive scan rule: Anti-clickjacking Header
[2026-03-04 15:53:18] [ZAP] [ZAP Daemon] 47629 [ZAP-daemon] INFO  org.zaproxy.addon.pscan.internal.ScanRuleManager - Loaded passive scan rule: Application Error Disclosure
[2026-03-04 15:53:18] [ZAP] [ZAP Daemon] 47631 [ZAP-daemon] INFO  org.zaproxy.addon.pscan.internal.ScanRuleManager - Loaded passive scan rule: Big Redirect Detected (Potential Sensitive Information Leak)
[2026-03-04 15:53:18] [ZAP] [ZAP Daemon] 47631 [ZAP-daemon] INFO  org.zaproxy.addon.pscan.internal.ScanRuleManager - Loaded passive scan rule: Re-examine Cache-control Directives
[2026-03-04 15:53:18] [ZAP] [ZAP Daemon] 47631 [ZAP-daemon] INFO  org.zaproxy.addon.pscan.internal.ScanRuleManager - Loaded passive scan rule: Charset Mismatch
[2026-03-04 15:53:18] [ZAP] [ZAP Daemon] 47631 [ZAP-daemon] INFO  org.zaproxy.addon.pscan.internal.ScanRuleManager - Loaded passive scan rule: Content Security Policy (CSP) Header Not Set
[2026-03-04 15:53:18] [ZAP] [ZAP Daemon] 47633 [ZAP-daemon] INFO  org.zaproxy.addon.pscan.internal.ScanRuleManager - Loaded passive scan rule: CSP
[2026-03-04 15:53:18] [ZAP] [ZAP Daemon] 47633 [ZAP-daemon] INFO  org.zaproxy.addon.pscan.internal.ScanRuleManager - Loaded passive scan rule: Content-Type Header Missing
[2026-03-04 15:53:18] [ZAP] [ZAP Daemon] 47633 [ZAP-daemon] INFO  org.zaproxy.addon.pscan.internal.ScanRuleManager - Loaded passive scan rule: Cookie No HttpOnly Flag
[2026-03-04 15:53:18] [ZAP] [ZAP Daemon] 47633 [ZAP-daemon] INFO  org.zaproxy.addon.pscan.internal.ScanRuleManager - Loaded passive scan rule: Loosely Scoped Cookie
[2026-03-04 15:53:18] [ZAP] [ZAP Daemon] 47635 [ZAP-daemon] INFO  org.zaproxy.addon.pscan.internal.ScanRuleManager - Loaded passive scan rule: Cookie without SameSite Attribute
[2026-03-04 15:53:18] [ZAP] [ZAP Daemon] 47635 [ZAP-daemon] INFO  org.zaproxy.addon.pscan.internal.ScanRuleManager - Loaded passive scan rule: Cookie Without Secure Flag
[2026-03-04 15:53:18] [ZAP] [ZAP Daemon] 47637 [ZAP-daemon] INFO  org.zaproxy.addon.pscan.internal.ScanRuleManager - Loaded passive scan rule: Cross-Domain Misconfiguration
[2026-03-04 15:53:18] [ZAP] [ZAP Daemon] 47637 [ZAP-daemon] INFO  org.zaproxy.addon.pscan.internal.ScanRuleManager - Loaded passive scan rule: Cross-Domain JavaScript Source File Inclusion
[2026-03-04 15:53:18] [ZAP] [ZAP Daemon] 47637 [ZAP-daemon] INFO  org.zaproxy.addon.pscan.internal.ScanRuleManager - Loaded passive scan rule: Absence of Anti-CSRF Tokens
[2026-03-04 15:53:18] [ZAP] [ZAP Daemon] 47637 [ZAP-daemon] INFO  org.zaproxy.addon.pscan.internal.ScanRuleManager - Loaded passive scan rule: Directory Browsing
[2026-03-04 15:53:18] [ZAP] [ZAP Daemon] 47637 [ZAP-daemon] INFO  org.zaproxy.addon.pscan.internal.ScanRuleManager - Loaded passive scan rule: Hash Disclosure
[2026-03-04 15:53:18] [ZAP] [ZAP Daemon] 47637 [ZAP-daemon] INFO  org.zaproxy.addon.pscan.internal.ScanRuleManager - Loaded passive scan rule: Heartbleed OpenSSL Vulnerability (Indicative)
[2026-03-04 15:53:18] [ZAP] [ZAP Daemon] 47637 [ZAP-daemon] INFO  org.zaproxy.addon.pscan.internal.ScanRuleManager - Loaded passive scan rule: In Page Banner Information Leak
[2026-03-04 15:53:18] [ZAP] [ZAP Daemon] 47640 [ZAP-daemon] INFO  org.zaproxy.addon.pscan.internal.ScanRuleManager - Loaded passive scan rule: Private IP Disclosure
[2026-03-04 15:53:18] [ZAP] [ZAP Daemon] 47640 [ZAP-daemon] INFO  org.zaproxy.addon.pscan.internal.ScanRuleManager - Loaded passive scan rule: Session ID in URL Rewrite
[2026-03-04 15:53:18] [ZAP] [ZAP Daemon] 47640 [ZAP-daemon] INFO  org.zaproxy.addon.pscan.internal.ScanRuleManager - Loaded passive scan rule: Information Disclosure - Debug Error Messages
[2026-03-04 15:53:18] [ZAP] [ZAP Daemon] 47640 [ZAP-daemon] INFO  org.zaproxy.addon.pscan.internal.ScanRuleManager - Loaded passive scan rule: Information Disclosure - Sensitive Information in URL
[2026-03-04 15:53:18] [ZAP] [ZAP Daemon] 47640 [ZAP-daemon] INFO  org.zaproxy.addon.pscan.internal.ScanRuleManager - Loaded passive scan rule: Information Disclosure - Sensitive Information in HTTP Referrer Header
[2026-03-04 15:53:18] [ZAP] [ZAP Daemon] 47640 [ZAP-daemon] INFO  org.zaproxy.addon.pscan.internal.ScanRuleManager - Loaded passive scan rule: Information Disclosure - Suspicious Comments
[2026-03-04 15:53:18] [ZAP] [ZAP Daemon] 47640 [ZAP-daemon] INFO  org.zaproxy.addon.pscan.internal.ScanRuleManager - Loaded passive scan rule: Weak Authentication Method
[2026-03-04 15:53:18] [ZAP] [ZAP Daemon] 47640 [ZAP-daemon] INFO  org.zaproxy.addon.pscan.internal.ScanRuleManager - Loaded passive scan rule: HTTP to HTTPS Insecure Transition in Form Post
[2026-03-04 15:53:18] [ZAP] [ZAP Daemon] 47642 [ZAP-daemon] INFO  org.zaproxy.addon.pscan.internal.ScanRuleManager - Loaded passive scan rule: HTTPS to HTTP Insecure Transition in Form Post
[2026-03-04 15:53:18] [ZAP] [ZAP Daemon] 47642 [ZAP-daemon] INFO  org.zaproxy.addon.pscan.internal.ScanRuleManager - Loaded passive scan rule: Insecure JSF ViewState
[2026-03-04 15:53:18] [ZAP] [ZAP Daemon] 47645 [ZAP-daemon] INFO  org.zaproxy.addon.pscan.internal.ScanRuleManager - Loaded passive scan rule: Java Serialization Object
[2026-03-04 15:53:18] [ZAP] [ZAP Daemon] 47645 [ZAP-daemon] INFO  org.zaproxy.addon.pscan.internal.ScanRuleManager - Loaded passive scan rule: Reverse Tabnabbing
[2026-03-04 15:53:18] [ZAP] [ZAP Daemon] 47647 [ZAP-daemon] INFO  org.zaproxy.addon.pscan.internal.ScanRuleManager - Loaded passive scan rule: Secure Pages Include Mixed Content
[2026-03-04 15:53:18] [ZAP] [ZAP Daemon] 47647 [ZAP-daemon] INFO  org.zaproxy.addon.pscan.internal.ScanRuleManager - Loaded passive scan rule: Modern Web Application
[2026-03-04 15:53:18] [ZAP] [ZAP Daemon] 47649 [ZAP-daemon] INFO  org.zaproxy.addon.pscan.internal.ScanRuleManager - Loaded passive scan rule: PII Disclosure
[2026-03-04 15:53:18] [ZAP] [ZAP Daemon] 47649 [ZAP-daemon] INFO  org.zaproxy.addon.pscan.internal.ScanRuleManager - Loaded passive scan rule: Script Served From Malicious Domain (polyfill)
[2026-03-04 15:53:18] [ZAP] [ZAP Daemon] 47649 [ZAP-daemon] INFO  org.zaproxy.addon.pscan.internal.ScanRuleManager - Loaded passive scan rule: Retrieved from Cache
[2026-03-04 15:53:18] [ZAP] [ZAP Daemon] 47649 [ZAP-daemon] INFO  org.zaproxy.addon.pscan.internal.ScanRuleManager - Loaded passive scan rule: HTTP Server Response Header
[2026-03-04 15:53:18] [ZAP] [ZAP Daemon] 47649 [ZAP-daemon] INFO  org.zaproxy.addon.pscan.internal.ScanRuleManager - Loaded passive scan rule: Strict-Transport-Security Header
[2026-03-04 15:53:18] [ZAP] [ZAP Daemon] 47649 [ZAP-daemon] INFO  org.zaproxy.addon.pscan.internal.ScanRuleManager - Loaded passive scan rule: Sub Resource Integrity Attribute Missing
[2026-03-04 15:53:18] [ZAP] [ZAP Daemon] 47651 [ZAP-daemon] INFO  org.zaproxy.addon.pscan.internal.ScanRuleManager - Loaded passive scan rule: Timestamp Disclosure
[2026-03-04 15:53:18] [ZAP] [ZAP Daemon] 47651 [ZAP-daemon] INFO  org.zaproxy.addon.pscan.internal.ScanRuleManager - Loaded passive scan rule: User Controllable Charset
[2026-03-04 15:53:18] [ZAP] [ZAP Daemon] 47696 [ZAP-daemon] INFO  org.zaproxy.addon.pscan.internal.ScanRuleManager - Loaded passive scan rule: Cookie Poisoning
[2026-03-04 15:53:18] [ZAP] [ZAP Daemon] 47696 [ZAP-daemon] INFO  org.zaproxy.addon.pscan.internal.ScanRuleManager - Loaded passive scan rule: User Controllable HTML Element Attribute (Potential XSS)
[2026-03-04 15:53:18] [ZAP] [ZAP Daemon] 47696 [ZAP-daemon] INFO  org.zaproxy.addon.pscan.internal.ScanRuleManager - Loaded passive scan rule: User Controllable JavaScript Event (XSS)
[2026-03-04 15:53:18] [ZAP] [ZAP Daemon] 47696 [ZAP-daemon] INFO  org.zaproxy.addon.pscan.internal.ScanRuleManager - Loaded passive scan rule: Off-site Redirect
[2026-03-04 15:53:18] [ZAP] [ZAP Daemon] 47696 [ZAP-daemon] INFO  org.zaproxy.addon.pscan.internal.ScanRuleManager - Loaded passive scan rule: Username Hash Found
[2026-03-04 15:53:18] [ZAP] [ZAP Daemon] 47696 [ZAP-daemon] INFO  org.zaproxy.addon.pscan.internal.ScanRuleManager - Loaded passive scan rule: Viewstate
[2026-03-04 15:53:18] [ZAP] [ZAP Daemon] 47696 [ZAP-daemon] INFO  org.zaproxy.addon.pscan.internal.ScanRuleManager - Loaded passive scan rule: X-AspNet-Version Response Header
[2026-03-04 15:53:18] [ZAP] [ZAP Daemon] 47696 [ZAP-daemon] INFO  org.zaproxy.addon.pscan.internal.ScanRuleManager - Loaded passive scan rule: X-Backend-Server Header Information Leak
[2026-03-04 15:53:18] [ZAP] [ZAP Daemon] 47696 [ZAP-daemon] INFO  org.zaproxy.addon.pscan.internal.ScanRuleManager - Loaded passive scan rule: X-ChromeLogger-Data (XCOLD) Header Information Leak
[2026-03-04 15:53:18] [ZAP] [ZAP Daemon] 47698 [ZAP-daemon] INFO  org.zaproxy.addon.pscan.internal.ScanRuleManager - Loaded passive scan rule: X-Content-Type-Options Header Missing
[2026-03-04 15:53:18] [ZAP] [ZAP Daemon] 47698 [ZAP-daemon] INFO  org.zaproxy.addon.pscan.internal.ScanRuleManager - Loaded passive scan rule: X-Debug-Token Information Leak
[2026-03-04 15:53:18] [ZAP] [ZAP Daemon] 47698 [ZAP-daemon] INFO  org.zaproxy.addon.pscan.internal.ScanRuleManager - Loaded passive scan rule: Server Leaks Information via "X-Powered-By" HTTP Response Header Field(s)
[2026-03-04 15:53:18] [ZAP] [ZAP Daemon] 47698 [ZAP-daemon] INFO  org.zaproxy.addon.pscan.internal.ScanRuleManager - Loaded passive scan rule: ZAP is Out of Date
[2026-03-04 15:53:18] [ZAP] [ZAP Daemon] 47699 [ZAP-daemon] INFO  org.zaproxy.addon.pscan.internal.ScanRuleManager - Loaded passive scan rule: Vulnerable JS Library (Powered by Retire.js)
[2026-03-04 15:53:18] [ZAP] [ZAP Daemon] 47705 [ZAP-daemon] INFO  org.zaproxy.addon.pscan.internal.ScanRuleManager - Loaded passive scan rule: Script Passive Scan Rules
[2026-03-04 15:53:18] [ZAP] [ZAP Daemon] 47706 [ZAP-daemon] INFO  org.zaproxy.addon.pscan.internal.ScanRuleManager - Loaded passive scan rule: WSDL File Detection
[2026-03-04 15:53:18] [ZAP] [ZAP Daemon] 47711 [ZAP-daemon] INFO  org.zaproxy.addon.pscan.internal.ScanRuleManager - Loaded passive scan rule: Stats Passive Scan Rule
[2026-03-04 15:53:18] [ZAP] [ZAP Daemon] 47712 [ZAP-daemon] INFO  org.zaproxy.zap.extension.quickstart.ExtensionQuickStart - Shh! No check-for-news - silent mode enabled
[2026-03-04 15:53:18] [ZAP] [ZAP Daemon] 47712 [ZAP-daemon] INFO  org.zaproxy.addon.network.ExtensionNetwork - Creating new root CA certificate.
[2026-03-04 15:53:21] [ZAP] [ZAP Daemon] 50311 [ZAP-daemon] INFO  org.zaproxy.addon.network.ExtensionNetwork - New root CA certificate created.
[2026-03-04 15:53:21] [ZAP] [ZAP Daemon] 50371 [ZAP-daemon] INFO  org.zaproxy.zap.extension.autoupdate.ExtensionAutoUpdate - Shh! No check-for-update - silent mode enabled
[2026-03-04 15:53:21] [ZAP] [ZAP Daemon] 50379 [ZAP-daemon] INFO  org.zaproxy.addon.callhome.ExtensionCallHome - Shh! Silent mode or telemetry turned off
[2026-03-04 15:53:21] [ZAP] [ZAP Daemon] 50433 [ZAP-daemon] INFO  org.zaproxy.addon.network.ExtensionNetwork - ZAP is now listening on localhost:27330
[2026-03-04 15:53:21] [ZAP] [+] ZAP API is active and loaded on port 27330.
[2026-03-04 15:53:21] [ZAP] [*] ZAP: Starting Spider...
[2026-03-04 15:53:21] [ZAP] [ZAP Daemon] 51216 [ZAP-SpiderInitThread-0] INFO  org.zaproxy.addon.spider.SpiderThread - Starting spidering scan on http://testphp.vulnweb.com at 2026-03-04T15:53:21.997+0530
[2026-03-04 15:53:22] [ZAP] [ZAP Daemon] 51219 [ZAP-SpiderInitThread-0] INFO  org.zaproxy.addon.spider.Spider - Spider initializing...
[2026-03-04 15:53:22] [ZAP] [ZAP Daemon] 51236 [ZAP-SpiderInitThread-0] INFO  org.zaproxy.addon.spider.Spider - Starting spider...
[2026-03-04 15:53:22] [ZAP] [PROGRESS] ZAP Spider: 0%
[2026-03-04 15:53:24] [ZAP] [PROGRESS] ZAP Spider: 34%
[2026-03-04 15:53:35] [ZAP] [PROGRESS] ZAP Spider: 90%
[2026-03-04 15:53:37] [ZAP] [PROGRESS] ZAP Spider: 90%
[2026-03-04 15:53:38] [ZAP] [ZAP Daemon] 67818 [ZAP-SpiderThreadPool-0-thread-22] INFO  org.zaproxy.addon.spider.Spider - Spidering process is complete. Shutting down...
[2026-03-04 15:53:38] [ZAP] [ZAP Daemon] 67844 [ZAP-SpiderShutdownThread-0] INFO  org.zaproxy.addon.spider.SpiderThread - Spider scanning complete: true on http://testphp.vulnweb.com at 2026-03-04T15:53:38.620+0530
[2026-03-04 15:53:39] [ZAP] [*] ZAP: Starting Active Scan...
[2026-03-04 15:53:39] [ZAP] [ZAP Daemon] 68578 [ZAP-IO-Server-1-1] INFO  org.parosproxy.paros.core.scanner.Scanner - scanner with ID 0 started
[2026-03-04 15:53:39] [ZAP] [PROGRESS] ZAP AScan: 0%
[2026-03-04 15:53:44] [ZAP] [PROGRESS] ZAP AScan: 0%
[2026-03-04 15:53:45] [ZAP] [ZAP Daemon] 74864 [ZAP-PassiveScan-11] WARN  org.zaproxy.addon.pscan.internal.scanner.PassiveScanTask - Passive Scan rule html_comment2 took 6 seconds to scan http://testphp.vulnweb.com/login.php text/html; charset=UTF-8 5523
[2026-03-04 15:53:49] [ZAP] [PROGRESS] ZAP AScan: 0%
[2026-03-04 15:53:55] [ZAP] [PROGRESS] ZAP AScan: 0%
[2026-03-04 15:53:55] [ZAP] [ZAP Daemon] 84363 [ZAP-PassiveScan-11] WARN  org.zaproxy.addon.pscan.internal.scanner.PassiveScanTask - Passive Scan rule Session Management Response Identified took 8 seconds to scan http://testphp.vulnweb.com/login.php text/html; charset=UTF-8 5523
[2026-03-04 15:54:00] [ZAP] [PROGRESS] ZAP AScan: 0%
[2026-03-04 15:54:05] [ZAP] [PROGRESS] ZAP AScan: 0%
[2026-03-04 15:54:05] [ZAP] [ZAP Daemon] 85394 [ZAP-PassiveScan-1] WARN  org.zaproxy.addon.pscan.internal.scanner.PassiveScanTask - Passive Scan rule Application Error Disclosure took 16 seconds to scan http://testphp.vulnweb.com/sitemap.xml text/html 555
[2026-03-04 15:54:10] [ZAP] [PROGRESS] ZAP AScan: 0%
[2026-03-04 15:54:15] [ZAP] [PROGRESS] ZAP AScan: 0%
[2026-03-04 15:54:20] [ZAP] [PROGRESS] ZAP AScan: 0%
[2026-03-04 15:54:23] [ZAP] [ZAP Daemon] 99802 [ZAP-PassiveScan-3] WARN  org.zaproxy.addon.pscan.internal.scanner.PassiveScanTask - Passive Scan rule Application Error Disclosure took 31 seconds to scan http://testphp.vulnweb.com/robots.txt text/html 555
[2026-03-04 15:54:25] [ZAP] [PROGRESS] ZAP AScan: 0%
[2026-03-04 15:54:30] [ZAP] [PROGRESS] ZAP AScan: 0%
[2026-03-04 15:54:30] [ZAP] [ZAP Daemon] 120002 [ZAP-PassiveScan-7] WARN  org.zaproxy.addon.pscan.internal.scanner.PassiveScanTask - Passive Scan rule Anti-clickjacking Header took 51 seconds to scan http://testphp.vulnweb.com/disclaimer.php text/html; charset=UTF-8 5524
[2026-03-04 15:54:30] [ZAP] [ZAP Daemon] 120004 [ZAP-PassiveScan-4] WARN  org.zaproxy.addon.pscan.internal.scanner.PassiveScanTask - Passive Scan rule Anti-clickjacking Header took 51 seconds to scan http://testphp.vulnweb.com text/html; charset=UTF-8 4958
[2026-03-04 15:54:30] [ZAP] [ZAP Daemon] 120002 [ZAP-PassiveScan-5] WARN  org.zaproxy.addon.pscan.internal.scanner.PassiveScanTask - Passive Scan rule Anti-clickjacking Header took 51 seconds to scan http://testphp.vulnweb.com/categories.php text/html; charset=UTF-8 6115
[2026-03-04 15:54:30] [ZAP] [ZAP Daemon] 120014 [ZAP-PassiveScan-9] WARN  org.zaproxy.addon.pscan.internal.scanner.PassiveScanTask - Passive Scan rule Anti-clickjacking Header took 51 seconds to scan http://testphp.vulnweb.com/artists.php text/html; charset=UTF-8 5328
[2026-03-04 15:54:30] [ZAP] [ZAP Daemon] 120028 [ZAP-PassiveScan-11] WARN  org.zaproxy.addon.pscan.internal.scanner.PassiveScanTask - Passive Scan rule Anti-clickjacking Header took 35 seconds to scan http://testphp.vulnweb.com/login.php text/html; charset=UTF-8 5523
[2026-03-04 15:54:30] [ZAP] [ZAP Daemon] 120046 [ZAP-PassiveScan-2] WARN  org.zaproxy.addon.pscan.internal.scanner.PassiveScanTask - Passive Scan rule Anti-clickjacking Header took 51 seconds to scan http://testphp.vulnweb.com/hpp/ text/html; charset=UTF-8 203
[2026-03-04 15:54:30] [ZAP] [ZAP Daemon] 120048 [ZAP-PassiveScan-12] WARN  org.zaproxy.addon.pscan.internal.scanner.PassiveScanTask - Passive Scan rule Anti-clickjacking Header took 51 seconds to scan http://testphp.vulnweb.com/AJAX/index.php text/html; charset=UTF-8 4236
[2026-03-04 15:54:30] [ZAP] [ZAP Daemon] 120046 [ZAP-PassiveScan-3] WARN  org.zaproxy.addon.pscan.internal.scanner.PassiveScanTask - Passive Scan rule Content Security Policy (CSP) Header Not Set took 7 seconds to scan http://testphp.vulnweb.com/robots.txt text/html 555
[2026-03-04 15:54:30] [ZAP] [ZAP Daemon] 120048 [ZAP-PassiveScan-6] WARN  org.zaproxy.addon.pscan.internal.scanner.PassiveScanTask - Passive Scan rule Anti-clickjacking Header took 51 seconds to scan http://testphp.vulnweb.com/index.php text/html; charset=UTF-8 4958
[2026-03-04 15:54:30] [ZAP] [ZAP Daemon] 120047 [ZAP-PassiveScan-8] WARN  org.zaproxy.addon.pscan.internal.scanner.PassiveScanTask - Passive Scan rule Anti-clickjacking Header took 51 seconds to scan http://testphp.vulnweb.com/guestbook.php text/html; charset=UTF-8 5391
[2026-03-04 15:54:30] [ZAP] [ZAP Daemon] 120047 [ZAP-PassiveScan-10] WARN  org.zaproxy.addon.pscan.internal.scanner.PassiveScanTask - Passive Scan rule Anti-clickjacking Header took 51 seconds to scan http://testphp.vulnweb.com/cart.php text/html; charset=UTF-8 4903
[2026-03-04 15:54:30] [ZAP] [ZAP Daemon] 120047 [ZAP-PassiveScan-1] WARN  org.zaproxy.addon.pscan.internal.scanner.PassiveScanTask - Passive Scan rule Content Security Policy (CSP) Header Not Set took 24 seconds to scan http://testphp.vulnweb.com/sitemap.xml text/html 555
[2026-03-04 15:54:35] [ZAP] [PROGRESS] ZAP AScan: 0%
[2026-03-04 15:54:40] [ZAP] [PROGRESS] ZAP AScan: 0%
[2026-03-04 15:54:45] [ZAP] [PROGRESS] ZAP AScan: 0%
[2026-03-04 15:54:50] [ZAP] [PROGRESS] ZAP AScan: 0%
[2026-03-04 15:54:55] [ZAP] [PROGRESS] ZAP AScan: 0%
[2026-03-04 15:55:00] [ZAP] [PROGRESS] ZAP AScan: 0%
[2026-03-04 15:55:05] [ZAP] [ZAP Daemon] 148127 [ZAP-Scanner-0] INFO  org.parosproxy.paros.core.scanner.HostProcess - Scanning 65 node(s) from http://testphp.vulnweb.com
[2026-03-04 15:55:05] [ZAP] [PROGRESS] ZAP AScan: 0%
[2026-03-04 15:55:10] [ZAP] [PROGRESS] ZAP AScan: 0%
[2026-03-04 15:55:15] [ZAP] [PROGRESS] ZAP AScan: 0%
[2026-03-04 15:55:20] [ZAP] [PROGRESS] ZAP AScan: 0%
[2026-03-04 15:55:23] [ZAP] [ZAP Daemon] 172241 [ZAP-Scanner-0] INFO  org.parosproxy.paros.core.scanner.HostProcess - start host http://testphp.vulnweb.com | PathTraversalScanRule strength MEDIUM threshold MEDIUM
[2026-03-04 15:55:25] [ZAP] [PROGRESS] ZAP AScan: 0%
[2026-03-04 15:55:30] [ZAP] [PROGRESS] ZAP AScan: 0%
[2026-03-04 15:55:35] [ZAP] [PROGRESS] ZAP AScan: 0%
[2026-03-04 15:55:40] [ZAP] [PROGRESS] ZAP AScan: 0%
[2026-03-04 15:55:43] [ZAP] [ZAP Daemon] 192757 [ZAP-PassiveScan-2] WARN  org.zaproxy.addon.pscan.internal.scanner.PassiveScanTask - Passive Scan rule html_type_upload took 5 seconds to scan http://testphp.vulnweb.com/cart.php text/html; charset=UTF-8 4903
[2026-03-04 15:55:46] [ZAP] [PROGRESS] ZAP AScan: 0%
[2026-03-04 15:55:51] [ZAP] [PROGRESS] ZAP AScan: 0%
[2026-03-04 15:55:56] [ZAP] [PROGRESS] ZAP AScan: 1%
[2026-03-04 15:56:01] [ZAP] [PROGRESS] ZAP AScan: 1%
[2026-03-04 15:56:06] [ZAP] [PROGRESS] ZAP AScan: 1%
[2026-03-04 15:56:11] [ZAP] [PROGRESS] ZAP AScan: 1%
[2026-03-04 15:56:16] [ZAP] [PROGRESS] ZAP AScan: 1%
[2026-03-04 15:56:21] [ZAP] [PROGRESS] ZAP AScan: 1%
[2026-03-04 15:56:26] [ZAP] [PROGRESS] ZAP AScan: 1%
[2026-03-04 15:56:31] [ZAP] [PROGRESS] ZAP AScan: 1%
[2026-03-04 15:56:34] [ZAP] [ZAP Daemon] 243555 [ZAP-PassiveScan-5] WARN  org.zaproxy.addon.pscan.internal.scanner.PassiveScanTask - Passive Scan rule html_tag_script took 5 seconds to scan http://testphp.vulnweb.com/showimage.php?file=.%2Fpictures%2F5.jpg&size=%2FWEB-INF%2Fweb.xml image/jpeg 14228
[2026-03-04 15:56:36] [ZAP] [PROGRESS] ZAP AScan: 1%
[2026-03-04 15:56:41] [ZAP] [PROGRESS] ZAP AScan: 1%
[2026-03-04 15:56:46] [ZAP] [PROGRESS] ZAP AScan: 1%
[2026-03-04 15:56:47] [ZAP] [ZAP Daemon] 256712 [ZAP-PassiveScan-12] WARN  org.zaproxy.addon.pscan.internal.scanner.PassiveScanTask - Passive Scan rule html_type_upload took 10 seconds to scan http://testphp.vulnweb.com/guestbook.php text/html; charset=UTF-8 5394
[2026-03-04 15:56:51] [ZAP] [PROGRESS] ZAP AScan: 1%
[2026-03-04 15:56:56] [ZAP] [PROGRESS] ZAP AScan: 1%
[2026-03-04 15:57:01] [ZAP] [PROGRESS] ZAP AScan: 1%
[2026-03-04 15:57:07] [ZAP] [PROGRESS] ZAP AScan: 1%
[2026-03-04 15:57:12] [ZAP] [PROGRESS] ZAP AScan: 1%
[2026-03-04 15:57:17] [ZAP] [PROGRESS] ZAP AScan: 1%
[2026-03-04 15:57:22] [ZAP] [PROGRESS] ZAP AScan: 1%
[2026-03-04 15:57:27] [ZAP] [PROGRESS] ZAP AScan: 1%
[2026-03-04 15:57:28] [ZAP] [ZAP Daemon] 298030 [ZAP-Scanner-0] INFO  org.parosproxy.paros.core.scanner.HostProcess - start host http://testphp.vulnweb.com | RemoteFileIncludeScanRule strength MEDIUM threshold MEDIUM
[2026-03-04 15:57:32] [ZAP] [PROGRESS] ZAP AScan: 2%
[2026-03-04 15:57:37] [ZAP] [PROGRESS] ZAP AScan: 3%
[2026-03-04 15:57:42] [ZAP] [PROGRESS] ZAP AScan: 3%
[2026-03-04 15:57:47] [ZAP] [PROGRESS] ZAP AScan: 3%
[2026-03-04 15:57:52] [ZAP] [PROGRESS] ZAP AScan: 3%
[2026-03-04 15:57:57] [ZAP] [PROGRESS] ZAP AScan: 3%
[2026-03-04 15:58:02] [ZAP] [PROGRESS] ZAP AScan: 3%
[2026-03-04 15:58:07] [ZAP] [PROGRESS] ZAP AScan: 3%
[2026-03-04 15:58:12] [ZAP] [PROGRESS] ZAP AScan: 3%
[2026-03-04 15:58:16] [ZAP] [ZAP Daemon] 345257 [ZAP-Scanner-0] INFO  org.parosproxy.paros.core.scanner.HostProcess - start host http://testphp.vulnweb.com | SourceCodeDisclosureWebInfScanRule strength MEDIUM threshold MEDIUM
[2026-03-04 15:58:16] [ZAP] [ZAP Daemon] 345274 [ZAP-Scanner-0] INFO  org.parosproxy.paros.core.scanner.HostProcess - start host http://testphp.vulnweb.com | ShellShockScanRule strength MEDIUM threshold MEDIUM
[2026-03-04 15:58:17] [ZAP] [PROGRESS] ZAP AScan: 6%
[2026-03-04 15:58:22] [ZAP] [PROGRESS] ZAP AScan: 7%
[2026-03-04 15:58:25] [ZAP] [ZAP Daemon] 354762 [ZAP-Scanner-0] INFO  org.parosproxy.paros.core.scanner.HostProcess - start host http://testphp.vulnweb.com | HeartBleedActiveScanRule strength MEDIUM threshold MEDIUM
[2026-03-04 15:58:25] [ZAP] [ZAP Daemon] 354764 [ZAP-Scanner-0] INFO  org.parosproxy.paros.core.scanner.HostProcess - start host http://testphp.vulnweb.com | SourceCodeDisclosureCve20121823ScanRule strength MEDIUM threshold MEDIUM
[2026-03-04 15:58:27] [ZAP] [PROGRESS] ZAP AScan: 7%
[2026-03-04 15:58:31] [ZAP] [ZAP Daemon] 360603 [ZAP-Scanner-0] INFO  org.parosproxy.paros.core.scanner.HostProcess - start host http://testphp.vulnweb.com | RemoteCodeExecutionCve20121823ScanRule strength MEDIUM threshold MEDIUM
[2026-03-04 15:58:32] [ZAP] [PROGRESS] ZAP AScan: 11%
[2026-03-04 15:58:37] [ZAP] [PROGRESS] ZAP AScan: 12%
[2026-03-04 15:58:38] [ZAP] [ZAP Daemon] 367965 [ZAP-Scanner-0] INFO  org.parosproxy.paros.core.scanner.HostProcess - start host http://testphp.vulnweb.com | ExternalRedirectScanRule strength MEDIUM threshold MEDIUM
[2026-03-04 15:58:42] [ZAP] [PROGRESS] ZAP AScan: 14%
[2026-03-04 15:58:47] [ZAP] [PROGRESS] ZAP AScan: 15%
[2026-03-04 15:58:52] [ZAP] [PROGRESS] ZAP AScan: 15%
[2026-03-04 15:58:57] [ZAP] [PROGRESS] ZAP AScan: 15%
[2026-03-04 15:59:02] [ZAP] [PROGRESS] ZAP AScan: 15%
[2026-03-04 15:59:07] [ZAP] [PROGRESS] ZAP AScan: 15%
[2026-03-04 15:59:12] [ZAP] [PROGRESS] ZAP AScan: 15%
[2026-03-04 15:59:17] [ZAP] [PROGRESS] ZAP AScan: 15%
[2026-03-04 15:59:21] [ZAP] [ZAP Daemon] 410243 [ZAP-Scanner-0] INFO  org.parosproxy.paros.core.scanner.HostProcess - start host http://testphp.vulnweb.com | ServerSideIncludeScanRule strength MEDIUM threshold MEDIUM
[2026-03-04 15:59:22] [ZAP] [PROGRESS] ZAP AScan: 15%
[2026-03-04 15:59:27] [ZAP] [PROGRESS] ZAP AScan: 16%
[2026-03-04 15:59:32] [ZAP] [PROGRESS] ZAP AScan: 16%
[2026-03-04 15:59:37] [ZAP] [PROGRESS] ZAP AScan: 16%
[2026-03-04 15:59:39] [ZAP] [ZAP Daemon] 429139 [ZAP-Scanner-0] INFO  org.parosproxy.paros.core.scanner.HostProcess - start host http://testphp.vulnweb.com | CrossSiteScriptingScanRule strength MEDIUM threshold MEDIUM
[2026-03-04 15:59:42] [ZAP] [PROGRESS] ZAP AScan: 17%
[2026-03-04 15:59:47] [ZAP] [PROGRESS] ZAP AScan: 18%
[2026-03-04 15:59:52] [ZAP] [PROGRESS] ZAP AScan: 18%
[2026-03-04 15:59:54] [ZAP] [ZAP Daemon] 443444 [ZAP-Scanner-0] INFO  org.parosproxy.paros.core.scanner.HostProcess - start host http://testphp.vulnweb.com | PersistentXssPrimeScanRule strength MEDIUM threshold MEDIUM
[2026-03-04 15:59:57] [ZAP] [PROGRESS] ZAP AScan: 19%
[2026-03-04 16:00:01] [ZAP] [ZAP Daemon] 450271 [ZAP-Scanner-0] INFO  org.parosproxy.paros.core.scanner.HostProcess - start host http://testphp.vulnweb.com | PersistentXssSpiderScanRule strength MEDIUM threshold MEDIUM
[2026-03-04 16:00:02] [ZAP] [PROGRESS] ZAP AScan: 21%
[2026-03-04 16:00:07] [ZAP] [ZAP Daemon] 456319 [ZAP-Scanner-0] INFO  org.parosproxy.paros.core.scanner.HostProcess - start host http://testphp.vulnweb.com | PersistentXssScanRule strength MEDIUM threshold MEDIUM
[2026-03-04 16:00:07] [ZAP] [PROGRESS] ZAP AScan: 23%
[2026-03-04 16:00:11] [ZAP] [ZAP Daemon] 460830 [ZAP-Scanner-0] INFO  org.parosproxy.paros.core.scanner.HostProcess - start host http://testphp.vulnweb.com | SqlInjectionScanRule strength MEDIUM threshold MEDIUM
[2026-03-04 16:00:12] [ZAP] [PROGRESS] ZAP AScan: 25%
[2026-03-04 16:00:17] [ZAP] [PROGRESS] ZAP AScan: 26%
[2026-03-04 16:00:22] [ZAP] [PROGRESS] ZAP AScan: 26%
[2026-03-04 16:00:27] [ZAP] [PROGRESS] ZAP AScan: 26%
[2026-03-04 16:00:32] [ZAP] [PROGRESS] ZAP AScan: 26%
[2026-03-04 16:00:37] [ZAP] [PROGRESS] ZAP AScan: 26%
[2026-03-04 16:00:42] [ZAP] [PROGRESS] ZAP AScan: 26%
[2026-03-04 16:00:47] [ZAP] [PROGRESS] ZAP AScan: 26%
[2026-03-04 16:00:52] [ZAP] [PROGRESS] ZAP AScan: 26%
[2026-03-04 16:00:57] [ZAP] [PROGRESS] ZAP AScan: 26%
[2026-03-04 16:01:02] [ZAP] [PROGRESS] ZAP AScan: 26%
[2026-03-04 16:01:07] [ZAP] [PROGRESS] ZAP AScan: 26%
[2026-03-04 16:01:12] [ZAP] [PROGRESS] ZAP AScan: 26%
[2026-03-04 16:01:18] [ZAP] [PROGRESS] ZAP AScan: 26%
[2026-03-04 16:01:23] [ZAP] [PROGRESS] ZAP AScan: 26%
[2026-03-04 16:01:28] [ZAP] [PROGRESS] ZAP AScan: 26%
[2026-03-04 16:01:33] [ZAP] [PROGRESS] ZAP AScan: 26%
[2026-03-04 16:01:38] [ZAP] [PROGRESS] ZAP AScan: 26%
[2026-03-04 16:01:43] [ZAP] [PROGRESS] ZAP AScan: 26%
[2026-03-04 16:01:44] [ZAP] [ZAP Daemon] 553858 [ZAP-Scanner-0] INFO  org.parosproxy.paros.core.scanner.HostProcess - start host http://testphp.vulnweb.com | SqlInjectionMySqlTimingScanRule strength MEDIUM threshold MEDIUM
[2026-03-04 16:01:48] [ZAP] [PROGRESS] ZAP AScan: 27%
[2026-03-04 16:01:53] [ZAP] [PROGRESS] ZAP AScan: 28%
[2026-03-04 16:01:58] [ZAP] [PROGRESS] ZAP AScan: 28%
[2026-03-04 16:02:03] [ZAP] [PROGRESS] ZAP AScan: 28%
[2026-03-04 16:02:08] [ZAP] [PROGRESS] ZAP AScan: 28%
[2026-03-04 16:02:11] [ZAP] [ZAP Daemon] 580513 [ZAP-ActiveScanner-4] INFO  org.apache.hc.client5.http.impl.classic.ZapHttpRequestRetryExec - Recoverable I/O exception (java.net.SocketException) caught when processing request to {}->http://testphp.vulnweb.com:80
[2026-03-04 16:02:11] [ZAP] [ZAP Daemon] 580516 [ZAP-ActiveScanner-4] INFO  org.apache.hc.client5.http.impl.classic.ZapHttpRequestRetryExec - Recoverable I/O exception (org.apache.hc.core5.http.NoHttpResponseException) caught when processing request to {}->http://testphp.vulnweb.com:80
[2026-03-04 16:02:11] [ZAP] [ZAP Daemon] 580516 [ZAP-ActiveScanner-4] INFO  org.apache.hc.client5.http.impl.classic.ZapHttpRequestRetryExec - Recoverable I/O exception (org.apache.hc.core5.http.NoHttpResponseException) caught when processing request to {}->http://testphp.vulnweb.com:80
[2026-03-04 16:02:11] [ZAP] [ZAP Daemon] 580702 [ZAP-ActiveScanner-1] INFO  org.apache.hc.client5.http.impl.classic.ZapHttpRequestRetryExec - Recoverable I/O exception (java.net.SocketException) caught when processing request to {}->http://testphp.vulnweb.com:80
[2026-03-04 16:02:11] [ZAP] [ZAP Daemon] 580703 [ZAP-ActiveScanner-1] INFO  org.apache.hc.client5.http.impl.classic.ZapHttpRequestRetryExec - Recoverable I/O exception (org.apache.hc.core5.http.NoHttpResponseException) caught when processing request to {}->http://testphp.vulnweb.com:80
[2026-03-04 16:02:11] [ZAP] [ZAP Daemon] 580705 [ZAP-ActiveScanner-5] INFO  org.apache.hc.client5.http.impl.classic.ZapHttpRequestRetryExec - Recoverable I/O exception (java.net.SocketException) caught when processing request to {}->http://testphp.vulnweb.com:80
[2026-03-04 16:02:13] [ZAP] [PROGRESS] ZAP AScan: 28%
[2026-03-04 16:02:18] [ZAP] [PROGRESS] ZAP AScan: 28%
[2026-03-04 16:02:23] [ZAP] [PROGRESS] ZAP AScan: 28%
[2026-03-04 16:02:28] [ZAP] [PROGRESS] ZAP AScan: 28%
[2026-03-04 16:02:33] [ZAP] [PROGRESS] ZAP AScan: 28%
[2026-03-04 16:02:38] [ZAP] [PROGRESS] ZAP AScan: 28%
[2026-03-04 16:02:43] [ZAP] [PROGRESS] ZAP AScan: 28%
[2026-03-04 16:02:48] [ZAP] [PROGRESS] ZAP AScan: 28%
[2026-03-04 16:02:53] [ZAP] [PROGRESS] ZAP AScan: 28%
[2026-03-04 16:02:58] [ZAP] [PROGRESS] ZAP AScan: 28%
[2026-03-04 16:03:03] [ZAP] [PROGRESS] ZAP AScan: 28%
[2026-03-04 16:03:06] [ZAP] [ZAP Daemon] 635293 [ZAP-Scanner-0] INFO  org.parosproxy.paros.core.scanner.HostProcess - start host http://testphp.vulnweb.com | SqlInjectionHypersonicTimingScanRule strength MEDIUM threshold MEDIUM
[2026-03-04 16:03:08] [ZAP] [PROGRESS] ZAP AScan: 28%
[2026-03-04 16:03:13] [ZAP] [PROGRESS] ZAP AScan: 30%
[2026-03-04 16:03:18] [ZAP] [PROGRESS] ZAP AScan: 30%
[2026-03-04 16:03:23] [ZAP] [PROGRESS] ZAP AScan: 30%
[2026-03-04 16:03:28] [ZAP] [PROGRESS] ZAP AScan: 30%
[2026-03-04 16:03:33] [ZAP] [PROGRESS] ZAP AScan: 30%
[2026-03-04 16:03:38] [ZAP] [PROGRESS] ZAP AScan: 30%
[2026-03-04 16:03:43] [ZAP] [PROGRESS] ZAP AScan: 30%
[2026-03-04 16:03:48] [ZAP] [PROGRESS] ZAP AScan: 30%
[2026-03-04 16:03:53] [ZAP] [ZAP Daemon] 682227 [ZAP-Scanner-0] INFO  org.parosproxy.paros.core.scanner.HostProcess - start host http://testphp.vulnweb.com | SqlInjectionOracleTimingScanRule strength MEDIUM threshold MEDIUM
[2026-03-04 16:03:53] [ZAP] [PROGRESS] ZAP AScan: 30%
[2026-03-04 16:03:58] [ZAP] [PROGRESS] ZAP AScan: 31%
[2026-03-04 16:04:03] [ZAP] [PROGRESS] ZAP AScan: 32%
[2026-03-04 16:04:08] [ZAP] [PROGRESS] ZAP AScan: 32%
[2026-03-04 16:04:13] [ZAP] [PROGRESS] ZAP AScan: 32%
[2026-03-04 16:04:16] [ZAP] [ZAP Daemon] 705924 [ZAP-Scanner-0] INFO  org.parosproxy.paros.core.scanner.HostProcess - start host http://testphp.vulnweb.com | SqlInjectionPostgreSqlTimingScanRule strength MEDIUM threshold MEDIUM
[2026-03-04 16:04:18] [ZAP] [PROGRESS] ZAP AScan: 32%
[2026-03-04 16:04:23] [ZAP] [PROGRESS] ZAP AScan: 33%
[2026-03-04 16:04:28] [ZAP] [PROGRESS] ZAP AScan: 33%
[2026-03-04 16:04:33] [ZAP] [PROGRESS] ZAP AScan: 33%
[2026-03-04 16:04:38] [ZAP] [PROGRESS] ZAP AScan: 33%
[2026-03-04 16:04:40] [ZAP] [ZAP Daemon] 729579 [ZAP-Scanner-0] INFO  org.parosproxy.paros.core.scanner.HostProcess - start host http://testphp.vulnweb.com | SqlInjectionSqLiteTimingScanRule strength MEDIUM threshold MEDIUM
[2026-03-04 16:04:43] [ZAP] [PROGRESS] ZAP AScan: 34%
[2026-03-04 16:04:48] [ZAP] [PROGRESS] ZAP AScan: 35%
[2026-03-04 16:04:53] [ZAP] [PROGRESS] ZAP AScan: 35%
[2026-03-04 16:04:58] [ZAP] [PROGRESS] ZAP AScan: 35%
[2026-03-04 16:05:03] [ZAP] [PROGRESS] ZAP AScan: 35%
[2026-03-04 16:05:08] [ZAP] [PROGRESS] ZAP AScan: 35%
[2026-03-04 16:05:13] [ZAP] [PROGRESS] ZAP AScan: 35%
[2026-03-04 16:05:18] [ZAP] [PROGRESS] ZAP AScan: 35%
[2026-03-04 16:05:23] [ZAP] [PROGRESS] ZAP AScan: 35%
[2026-03-04 16:05:25] [ZAP] [ZAP Daemon] 774306 [ZAP-Scanner-0] INFO  org.parosproxy.paros.core.scanner.HostProcess - start host http://testphp.vulnweb.com | DomXssScanRule strength MEDIUM threshold MEDIUM
[2026-03-04 16:05:28] [ZAP] [ZAP Daemon] 777569 [ZAP-ActiveScanner-19] WARN  org.zaproxy.zap.extension.domxss.DomXssScanRule - Skipping scanner, failed to start browser: Could not start a new session. Response code 500. Message: Expected browser binary location, but unable to find binary in default location, no 'moz:firefoxOptions.binary' capability provided, and no binary flag set on the command line
[2026-03-04 16:05:28] [ZAP] [ZAP Daemon] Host info: host: 'DELL-INS7420', ip: '192.168.29.48'
[2026-03-04 16:05:28] [ZAP] [ZAP Daemon] Build info: version: '4.39.0', revision: '126f156aee'
[2026-03-04 16:05:28] [ZAP] [ZAP Daemon] System info: os.name: 'Windows 11', os.arch: 'amd64', os.version: '10.0', java.version: '24.0.2'
[2026-03-04 16:05:28] [ZAP] [ZAP Daemon] Driver info: org.openqa.selenium.firefox.FirefoxDriver
[2026-03-04 16:05:28] [ZAP] [ZAP Daemon] Command: [null, newSession {capabilities=[Capabilities {acceptInsecureCerts: true, browserName: firefox, moz:firefoxOptions: {args: [-headless], prefs: {browser.tabs.documentchannel: false, devtools.jsonview.enabled: false, dom.serviceWorkers.enabled: true, network.captive-portal-service.enabled: false, network.proxy.allow_hijacking_localhost: true, network.proxy.http: 127.0.0.1, network.proxy.http_port: 55465, network.proxy.no_proxies_on: , network.proxy.share_proxy_settings: true, network.proxy.ssl: 127.0.0.1, network.proxy.ssl_port: 55465, network.proxy.type: 1, remote.active-protocols: 1}}, unhandledPromptBehavior: ignore, webSocketUrl: true}]}]
[2026-03-04 16:05:28] [ZAP] [ZAP Daemon] 777569 [ZAP-ActiveScanner-15] WARN  org.zaproxy.zap.extension.domxss.DomXssScanRule - Skipping scanner, failed to start browser: Could not start a new session. Response code 500. Message: Expected browser binary location, but unable to find binary in default location, no 'moz:firefoxOptions.binary' capability provided, and no binary flag set on the command line
[2026-03-04 16:05:28] [ZAP] [ZAP Daemon] Host info: host: 'DELL-INS7420', ip: '192.168.29.48'
[2026-03-04 16:05:28] [ZAP] [ZAP Daemon] Build info: version: '4.39.0', revision: '126f156aee'
[2026-03-04 16:05:28] [ZAP] [ZAP Daemon] System info: os.name: 'Windows 11', os.arch: 'amd64', os.version: '10.0', java.version: '24.0.2'
[2026-03-04 16:05:28] [ZAP] [ZAP Daemon] Driver info: org.openqa.selenium.firefox.FirefoxDriver
[2026-03-04 16:05:28] [ZAP] [ZAP Daemon] Command: [null, newSession {capabilities=[Capabilities {acceptInsecureCerts: true, browserName: firefox, moz:firefoxOptions: {args: [-headless], prefs: {browser.tabs.documentchannel: false, devtools.jsonview.enabled: false, dom.serviceWorkers.enabled: true, network.captive-portal-service.enabled: false, network.proxy.allow_hijacking_localhost: true, network.proxy.http: 127.0.0.1, network.proxy.http_port: 55465, network.proxy.no_proxies_on: , network.proxy.share_proxy_settings: true, network.proxy.ssl: 127.0.0.1, network.proxy.ssl_port: 55465, network.proxy.type: 1, remote.active-protocols: 1}}, unhandledPromptBehavior: ignore, webSocketUrl: true}]}]
[2026-03-04 16:05:28] [ZAP] [ZAP Daemon] 777571 [ZAP-ActiveScanner-4] WARN  org.zaproxy.zap.extension.domxss.DomXssScanRule - Skipping scanner, failed to start browser: Could not start a new session. Response code 500. Message: Expected browser binary location, but unable to find binary in default location, no 'moz:firefoxOptions.binary' capability provided, and no binary flag set on the command line
[2026-03-04 16:05:28] [ZAP] [ZAP Daemon] Host info: host: 'DELL-INS7420', ip: '192.168.29.48'
[2026-03-04 16:05:28] [ZAP] [ZAP Daemon] Build info: version: '4.39.0', revision: '126f156aee'
[2026-03-04 16:05:28] [ZAP] [ZAP Daemon] System info: os.name: 'Windows 11', os.arch: 'amd64', os.version: '10.0', java.version: '24.0.2'
[2026-03-04 16:05:28] [ZAP] [ZAP Daemon] Driver info: org.openqa.selenium.firefox.FirefoxDriver
[2026-03-04 16:05:28] [ZAP] [ZAP Daemon] Command: [null, newSession {capabilities=[Capabilities {acceptInsecureCerts: true, browserName: firefox, moz:firefoxOptions: {args: [-headless], prefs: {browser.tabs.documentchannel: false, devtools.jsonview.enabled: false, dom.serviceWorkers.enabled: true, network.captive-portal-service.enabled: false, network.proxy.allow_hijacking_localhost: true, network.proxy.http: 127.0.0.1, network.proxy.http_port: 55465, network.proxy.no_proxies_on: , network.proxy.share_proxy_settings: true, network.proxy.ssl: 127.0.0.1, network.proxy.ssl_port: 55465, network.proxy.type: 1, remote.active-protocols: 1}}, unhandledPromptBehavior: ignore, webSocketUrl: true}]}]
[2026-03-04 16:05:28] [ZAP] [ZAP Daemon] 777571 [ZAP-ActiveScanner-8] WARN  org.zaproxy.zap.extension.domxss.DomXssScanRule - Skipping scanner, failed to start browser: Could not start a new session. Response code 500. Message: Expected browser binary location, but unable to find binary in default location, no 'moz:firefoxOptions.binary' capability provided, and no binary flag set on the command line
[2026-03-04 16:05:28] [ZAP] [ZAP Daemon] Host info: host: 'DELL-INS7420', ip: '192.168.29.48'
[2026-03-04 16:05:28] [ZAP] [ZAP Daemon] Build info: version: '4.39.0', revision: '126f156aee'
[2026-03-04 16:05:28] [ZAP] [ZAP Daemon] System info: os.name: 'Windows 11', os.arch: 'amd64', os.version: '10.0', java.version: '24.0.2'
[2026-03-04 16:05:28] [ZAP] [ZAP Daemon] Driver info: org.openqa.selenium.firefox.FirefoxDriver
[2026-03-04 16:05:28] [ZAP] [ZAP Daemon] Command: [null, newSession {capabilities=[Capabilities {acceptInsecureCerts: true, browserName: firefox, moz:firefoxOptions: {args: [-headless], prefs: {browser.tabs.documentchannel: false, devtools.jsonview.enabled: false, dom.serviceWorkers.enabled: true, network.captive-portal-service.enabled: false, network.proxy.allow_hijacking_localhost: true, network.proxy.http: 127.0.0.1, network.proxy.http_port: 55465, network.proxy.no_proxies_on: , network.proxy.share_proxy_settings: true, network.proxy.ssl: 127.0.0.1, network.proxy.ssl_port: 55465, network.proxy.type: 1, remote.active-protocols: 1}}, unhandledPromptBehavior: ignore, webSocketUrl: true}]}]
[2026-03-04 16:05:28] [ZAP] [ZAP Daemon] 777576 [ZAP-ActiveScanner-22] WARN  org.zaproxy.zap.extension.domxss.DomXssScanRule - Skipping scanner, failed to start browser: Could not start a new session. Response code 500. Message: Expected browser binary location, but unable to find binary in default location, no 'moz:firefoxOptions.binary' capability provided, and no binary flag set on the command line
[2026-03-04 16:05:28] [ZAP] [ZAP Daemon] Host info: host: 'DELL-INS7420', ip: '192.168.29.48'
[2026-03-04 16:05:28] [ZAP] [ZAP Daemon] Build info: version: '4.39.0', revision: '126f156aee'
[2026-03-04 16:05:28] [ZAP] [ZAP Daemon] System info: os.name: 'Windows 11', os.arch: 'amd64', os.version: '10.0', java.version: '24.0.2'
[2026-03-04 16:05:28] [ZAP] [ZAP Daemon] Driver info: org.openqa.selenium.firefox.FirefoxDriver
[2026-03-04 16:05:28] [ZAP] [ZAP Daemon] Command: [null, newSession {capabilities=[Capabilities {acceptInsecureCerts: true, browserName: firefox, moz:firefoxOptions: {args: [-headless], prefs: {browser.tabs.documentchannel: false, devtools.jsonview.enabled: false, dom.serviceWorkers.enabled: true, network.captive-portal-service.enabled: false, network.proxy.allow_hijacking_localhost: true, network.proxy.http: 127.0.0.1, network.proxy.http_port: 55465, network.proxy.no_proxies_on: , network.proxy.share_proxy_settings: true, network.proxy.ssl: 127.0.0.1, network.proxy.ssl_port: 55465, network.proxy.type: 1, remote.active-protocols: 1}}, unhandledPromptBehavior: ignore, webSocketUrl: true}]}]
[2026-03-04 16:05:28] [ZAP] [ZAP Daemon] 777576 [ZAP-ActiveScanner-14] WARN  org.zaproxy.zap.extension.domxss.DomXssScanRule - Skipping scanner, failed to start browser: Could not start a new session. Response code 500. Message: Expected browser binary location, but unable to find binary in default location, no 'moz:firefoxOptions.binary' capability provided, and no binary flag set on the command line
[2026-03-04 16:05:28] [ZAP] [ZAP Daemon] Host info: host: 'DELL-INS7420', ip: '192.168.29.48'
[2026-03-04 16:05:28] [ZAP] [ZAP Daemon] Build info: version: '4.39.0', revision: '126f156aee'
[2026-03-04 16:05:28] [ZAP] [ZAP Daemon] System info: os.name: 'Windows 11', os.arch: 'amd64', os.version: '10.0', java.version: '24.0.2'
[2026-03-04 16:05:28] [ZAP] [ZAP Daemon] Driver info: org.openqa.selenium.firefox.FirefoxDriver
[2026-03-04 16:05:28] [ZAP] [ZAP Daemon] Command: [null, newSession {capabilities=[Capabilities {acceptInsecureCerts: true, browserName: firefox, moz:firefoxOptions: {args: [-headless], prefs: {browser.tabs.documentchannel: false, devtools.jsonview.enabled: false, dom.serviceWorkers.enabled: true, network.captive-portal-service.enabled: false, network.proxy.allow_hijacking_localhost: true, network.proxy.http: 127.0.0.1, network.proxy.http_port: 55465, network.proxy.no_proxies_on: , network.proxy.share_proxy_settings: true, network.proxy.ssl: 127.0.0.1, network.proxy.ssl_port: 55465, network.proxy.type: 1, remote.active-protocols: 1}}, unhandledPromptBehavior: ignore, webSocketUrl: true}]}]
[2026-03-04 16:05:28] [ZAP] [ZAP Daemon] 777578 [ZAP-ActiveScanner-13] WARN  org.zaproxy.zap.extension.domxss.DomXssScanRule - Skipping scanner, failed to start browser: Could not start a new session. Response code 500. Message: Expected browser binary location, but unable to find binary in default location, no 'moz:firefoxOptions.binary' capability provided, and no binary flag set on the command line
[2026-03-04 16:05:28] [ZAP] [ZAP Daemon] Host info: host: 'DELL-INS7420', ip: '192.168.29.48'
[2026-03-04 16:05:28] [ZAP] [ZAP Daemon] Build info: version: '4.39.0', revision: '126f156aee'
[2026-03-04 16:05:28] [ZAP] [ZAP Daemon] System info: os.name: 'Windows 11', os.arch: 'amd64', os.version: '10.0', java.version: '24.0.2'
[2026-03-04 16:05:28] [ZAP] [ZAP Daemon] Driver info: org.openqa.selenium.firefox.FirefoxDriver
[2026-03-04 16:05:28] [ZAP] [ZAP Daemon] Command: [null, newSession {capabilities=[Capabilities {acceptInsecureCerts: true, browserName: firefox, moz:firefoxOptions: {args: [-headless], prefs: {browser.tabs.documentchannel: false, devtools.jsonview.enabled: false, dom.serviceWorkers.enabled: true, network.captive-portal-service.enabled: false, network.proxy.allow_hijacking_localhost: true, network.proxy.http: 127.0.0.1, network.proxy.http_port: 55465, network.proxy.no_proxies_on: , network.proxy.share_proxy_settings: true, network.proxy.ssl: 127.0.0.1, network.proxy.ssl_port: 55465, network.proxy.type: 1, remote.active-protocols: 1}}, unhandledPromptBehavior: ignore, webSocketUrl: true}]}]
[2026-03-04 16:05:28] [ZAP] [ZAP Daemon] 777581 [ZAP-ActiveScanner-2] WARN  org.zaproxy.zap.extension.domxss.DomXssScanRule - Skipping scanner, failed to start browser: Could not start a new session. Response code 500. Message: Expected browser binary location, but unable to find binary in default location, no 'moz:firefoxOptions.binary' capability provided, and no binary flag set on the command line
[2026-03-04 16:05:28] [ZAP] [ZAP Daemon] Host info: host: 'DELL-INS7420', ip: '192.168.29.48'
[2026-03-04 16:05:28] [ZAP] [ZAP Daemon] Build info: version: '4.39.0', revision: '126f156aee'
[2026-03-04 16:05:28] [ZAP] [ZAP Daemon] System info: os.name: 'Windows 11', os.arch: 'amd64', os.version: '10.0', java.version: '24.0.2'
[2026-03-04 16:05:28] [ZAP] [ZAP Daemon] Driver info: org.openqa.selenium.firefox.FirefoxDriver
[2026-03-04 16:05:28] [ZAP] [ZAP Daemon] Command: [null, newSession {capabilities=[Capabilities {acceptInsecureCerts: true, browserName: firefox, moz:firefoxOptions: {args: [-headless], prefs: {browser.tabs.documentchannel: false, devtools.jsonview.enabled: false, dom.serviceWorkers.enabled: true, network.captive-portal-service.enabled: false, network.proxy.allow_hijacking_localhost: true, network.proxy.http: 127.0.0.1, network.proxy.http_port: 55465, network.proxy.no_proxies_on: , network.proxy.share_proxy_settings: true, network.proxy.ssl: 127.0.0.1, network.proxy.ssl_port: 55465, network.proxy.type: 1, remote.active-protocols: 1}}, unhandledPromptBehavior: ignore, webSocketUrl: true}]}]
[2026-03-04 16:05:28] [ZAP] [ZAP Daemon] 777581 [ZAP-ActiveScanner-10] WARN  org.zaproxy.zap.extension.domxss.DomXssScanRule - Skipping scanner, failed to start browser: Could not start a new session. Response code 500. Message: Expected browser binary location, but unable to find binary in default location, no 'moz:firefoxOptions.binary' capability provided, and no binary flag set on the command line
[2026-03-04 16:05:28] [ZAP] [ZAP Daemon] Host info: host: 'DELL-INS7420', ip: '192.168.29.48'
[2026-03-04 16:05:28] [ZAP] [ZAP Daemon] Build info: version: '4.39.0', revision: '126f156aee'
[2026-03-04 16:05:28] [ZAP] [ZAP Daemon] System info: os.name: 'Windows 11', os.arch: 'amd64', os.version: '10.0', java.version: '24.0.2'
[2026-03-04 16:05:28] [ZAP] [ZAP Daemon] Driver info: org.openqa.selenium.firefox.FirefoxDriver
[2026-03-04 16:05:28] [ZAP] [ZAP Daemon] Command: [null, newSession {capabilities=[Capabilities {acceptInsecureCerts: true, browserName: firefox, moz:firefoxOptions: {args: [-headless], prefs: {browser.tabs.documentchannel: false, devtools.jsonview.enabled: false, dom.serviceWorkers.enabled: true, network.captive-portal-service.enabled: false, network.proxy.allow_hijacking_localhost: true, network.proxy.http: 127.0.0.1, network.proxy.http_port: 55465, network.proxy.no_proxies_on: , network.proxy.share_proxy_settings: true, network.proxy.ssl: 127.0.0.1, network.proxy.ssl_port: 55465, network.proxy.type: 1, remote.active-protocols: 1}}, unhandledPromptBehavior: ignore, webSocketUrl: true}]}]
[2026-03-04 16:05:28] [ZAP] [ZAP Daemon] 777581 [ZAP-ActiveScanner-6] WARN  org.zaproxy.zap.extension.domxss.DomXssScanRule - Skipping scanner, failed to start browser: Could not start a new session. Response code 500. Message: Expected browser binary location, but unable to find binary in default location, no 'moz:firefoxOptions.binary' capability provided, and no binary flag set on the command line
[2026-03-04 16:05:28] [ZAP] [ZAP Daemon] Host info: host: 'DELL-INS7420', ip: '192.168.29.48'
[2026-03-04 16:05:28] [ZAP] [ZAP Daemon] Build info: version: '4.39.0', revision: '126f156aee'
[2026-03-04 16:05:28] [ZAP] [ZAP Daemon] System info: os.name: 'Windows 11', os.arch: 'amd64', os.version: '10.0', java.version: '24.0.2'
[2026-03-04 16:05:28] [ZAP] [ZAP Daemon] Driver info: org.openqa.selenium.firefox.FirefoxDriver
[2026-03-04 16:05:28] [ZAP] [ZAP Daemon] Command: [null, newSession {capabilities=[Capabilities {acceptInsecureCerts: true, browserName: firefox, moz:firefoxOptions: {args: [-headless], prefs: {browser.tabs.documentchannel: false, devtools.jsonview.enabled: false, dom.serviceWorkers.enabled: true, network.captive-portal-service.enabled: false, network.proxy.allow_hijacking_localhost: true, network.proxy.http: 127.0.0.1, network.proxy.http_port: 55465, network.proxy.no_proxies_on: , network.proxy.share_proxy_settings: true, network.proxy.ssl: 127.0.0.1, network.proxy.ssl_port: 55465, network.proxy.type: 1, remote.active-protocols: 1}}, unhandledPromptBehavior: ignore, webSocketUrl: true}]}]
[2026-03-04 16:05:28] [ZAP] [ZAP Daemon] 777580 [ZAP-ActiveScanner-0] WARN  org.zaproxy.zap.extension.domxss.DomXssScanRule - Skipping scanner, failed to start browser: Could not start a new session. Response code 500. Message: Expected browser binary location, but unable to find binary in default location, no 'moz:firefoxOptions.binary' capability provided, and no binary flag set on the command line
[2026-03-04 16:05:28] [ZAP] [ZAP Daemon] Host info: host: 'DELL-INS7420', ip: '192.168.29.48'
[2026-03-04 16:05:28] [ZAP] [ZAP Daemon] Build info: version: '4.39.0', revision: '126f156aee'
[2026-03-04 16:05:28] [ZAP] [ZAP Daemon] System info: os.name: 'Windows 11', os.arch: 'amd64', os.version: '10.0', java.version: '24.0.2'
[2026-03-04 16:05:28] [ZAP] [ZAP Daemon] Driver info: org.openqa.selenium.firefox.FirefoxDriver
[2026-03-04 16:05:28] [ZAP] [ZAP Daemon] Command: [null, newSession {capabilities=[Capabilities {acceptInsecureCerts: true, browserName: firefox, moz:firefoxOptions: {args: [-headless], prefs: {browser.tabs.documentchannel: false, devtools.jsonview.enabled: false, dom.serviceWorkers.enabled: true, network.captive-portal-service.enabled: false, network.proxy.allow_hijacking_localhost: true, network.proxy.http: 127.0.0.1, network.proxy.http_port: 55465, network.proxy.no_proxies_on: , network.proxy.share_proxy_settings: true, network.proxy.ssl: 127.0.0.1, network.proxy.ssl_port: 55465, network.proxy.type: 1, remote.active-protocols: 1}}, unhandledPromptBehavior: ignore, webSocketUrl: true}]}]
[2026-03-04 16:05:28] [ZAP] [ZAP Daemon] 777581 [ZAP-ActiveScanner-7] WARN  org.zaproxy.zap.extension.domxss.DomXssScanRule - Skipping scanner, failed to start browser: Could not start a new session. Response code 500. Message: Expected browser binary location, but unable to find binary in default location, no 'moz:firefoxOptions.binary' capability provided, and no binary flag set on the command line
[2026-03-04 16:05:28] [ZAP] [ZAP Daemon] Host info: host: 'DELL-INS7420', ip: '192.168.29.48'
[2026-03-04 16:05:28] [ZAP] [ZAP Daemon] Build info: version: '4.39.0', revision: '126f156aee'
[2026-03-04 16:05:28] [ZAP] [ZAP Daemon] System info: os.name: 'Windows 11', os.arch: 'amd64', os.version: '10.0', java.version: '24.0.2'
[2026-03-04 16:05:28] [ZAP] [ZAP Daemon] Driver info: org.openqa.selenium.firefox.FirefoxDriver
[2026-03-04 16:05:28] [ZAP] [ZAP Daemon] Command: [null, newSession {capabilities=[Capabilities {acceptInsecureCerts: true, browserName: firefox, moz:firefoxOptions: {args: [-headless], prefs: {browser.tabs.documentchannel: false, devtools.jsonview.enabled: false, dom.serviceWorkers.enabled: true, network.captive-portal-service.enabled: false, network.proxy.allow_hijacking_localhost: true, network.proxy.http: 127.0.0.1, network.proxy.http_port: 55465, network.proxy.no_proxies_on: , network.proxy.share_proxy_settings: true, network.proxy.ssl: 127.0.0.1, network.proxy.ssl_port: 55465, network.proxy.type: 1, remote.active-protocols: 1}}, unhandledPromptBehavior: ignore, webSocketUrl: true}]}]
[2026-03-04 16:05:28] [ZAP] [ZAP Daemon] 777580 [ZAP-ActiveScanner-17] WARN  org.zaproxy.zap.extension.domxss.DomXssScanRule - Skipping scanner, failed to start browser: Could not start a new session. Response code 500. Message: Expected browser binary location, but unable to find binary in default location, no 'moz:firefoxOptions.binary' capability provided, and no binary flag set on the command line
[2026-03-04 16:05:28] [ZAP] [ZAP Daemon] Host info: host: 'DELL-INS7420', ip: '192.168.29.48'
[2026-03-04 16:05:28] [ZAP] [ZAP Daemon] Build info: version: '4.39.0', revision: '126f156aee'
[2026-03-04 16:05:28] [ZAP] [ZAP Daemon] System info: os.name: 'Windows 11', os.arch: 'amd64', os.version: '10.0', java.version: '24.0.2'
[2026-03-04 16:05:28] [ZAP] [ZAP Daemon] Driver info: org.openqa.selenium.firefox.FirefoxDriver
[2026-03-04 16:05:28] [ZAP] [ZAP Daemon] Command: [null, newSession {capabilities=[Capabilities {acceptInsecureCerts: true, browserName: firefox, moz:firefoxOptions: {args: [-headless], prefs: {browser.tabs.documentchannel: false, devtools.jsonview.enabled: false, dom.serviceWorkers.enabled: true, network.captive-portal-service.enabled: false, network.proxy.allow_hijacking_localhost: true, network.proxy.http: 127.0.0.1, network.proxy.http_port: 55465, network.proxy.no_proxies_on: , network.proxy.share_proxy_settings: true, network.proxy.ssl: 127.0.0.1, network.proxy.ssl_port: 55465, network.proxy.type: 1, remote.active-protocols: 1}}, unhandledPromptBehavior: ignore, webSocketUrl: true}]}]
[2026-03-04 16:05:28] [ZAP] [ZAP Daemon] 777580 [ZAP-ActiveScanner-16] WARN  org.zaproxy.zap.extension.domxss.DomXssScanRule - Skipping scanner, failed to start browser: Could not start a new session. Response code 500. Message: Expected browser binary location, but unable to find binary in default location, no 'moz:firefoxOptions.binary' capability provided, and no binary flag set on the command line
[2026-03-04 16:05:28] [ZAP] [ZAP Daemon] Host info: host: 'DELL-INS7420', ip: '192.168.29.48'
[2026-03-04 16:05:28] [ZAP] [ZAP Daemon] Build info: version: '4.39.0', revision: '126f156aee'
[2026-03-04 16:05:28] [ZAP] [ZAP Daemon] System info: os.name: 'Windows 11', os.arch: 'amd64', os.version: '10.0', java.version: '24.0.2'
[2026-03-04 16:05:28] [ZAP] [ZAP Daemon] Driver info: org.openqa.selenium.firefox.FirefoxDriver
[2026-03-04 16:05:28] [ZAP] [ZAP Daemon] Command: [null, newSession {capabilities=[Capabilities {acceptInsecureCerts: true, browserName: firefox, moz:firefoxOptions: {args: [-headless], prefs: {browser.tabs.documentchannel: false, devtools.jsonview.enabled: false, dom.serviceWorkers.enabled: true, network.captive-portal-service.enabled: false, network.proxy.allow_hijacking_localhost: true, network.proxy.http: 127.0.0.1, network.proxy.http_port: 55465, network.proxy.no_proxies_on: , network.proxy.share_proxy_settings: true, network.proxy.ssl: 127.0.0.1, network.proxy.ssl_port: 55465, network.proxy.type: 1, remote.active-protocols: 1}}, unhandledPromptBehavior: ignore, webSocketUrl: true}]}]
[2026-03-04 16:05:28] [ZAP] [ZAP Daemon] 777580 [ZAP-ActiveScanner-18] WARN  org.zaproxy.zap.extension.domxss.DomXssScanRule - Skipping scanner, failed to start browser: Could not start a new session. Response code 500. Message: Expected browser binary location, but unable to find binary in default location, no 'moz:firefoxOptions.binary' capability provided, and no binary flag set on the command line
[2026-03-04 16:05:28] [ZAP] [ZAP Daemon] Host info: host: 'DELL-INS7420', ip: '192.168.29.48'
[2026-03-04 16:05:28] [ZAP] [ZAP Daemon] Build info: version: '4.39.0', revision: '126f156aee'
[2026-03-04 16:05:28] [ZAP] [ZAP Daemon] System info: os.name: 'Windows 11', os.arch: 'amd64', os.version: '10.0', java.version: '24.0.2'
[2026-03-04 16:05:28] [ZAP] [ZAP Daemon] Driver info: org.openqa.selenium.firefox.FirefoxDriver
[2026-03-04 16:05:28] [ZAP] [ZAP Daemon] Command: [null, newSession {capabilities=[Capabilities {acceptInsecureCerts: true, browserName: firefox, moz:firefoxOptions: {args: [-headless], prefs: {browser.tabs.documentchannel: false, devtools.jsonview.enabled: false, dom.serviceWorkers.enabled: true, network.captive-portal-service.enabled: false, network.proxy.allow_hijacking_localhost: true, network.proxy.http: 127.0.0.1, network.proxy.http_port: 55465, network.proxy.no_proxies_on: , network.proxy.share_proxy_settings: true, network.proxy.ssl: 127.0.0.1, network.proxy.ssl_port: 55465, network.proxy.type: 1, remote.active-protocols: 1}}, unhandledPromptBehavior: ignore, webSocketUrl: true}]}]
[2026-03-04 16:05:28] [ZAP] [ZAP Daemon] 777580 [ZAP-ActiveScanner-20] WARN  org.zaproxy.zap.extension.domxss.DomXssScanRule - Skipping scanner, failed to start browser: Could not start a new session. Response code 500. Message: Expected browser binary location, but unable to find binary in default location, no 'moz:firefoxOptions.binary' capability provided, and no binary flag set on the command line
[2026-03-04 16:05:28] [ZAP] [ZAP Daemon] Host info: host: 'DELL-INS7420', ip: '192.168.29.48'
[2026-03-04 16:05:28] [ZAP] [ZAP Daemon] Build info: version: '4.39.0', revision: '126f156aee'
[2026-03-04 16:05:28] [ZAP] [ZAP Daemon] System info: os.name: 'Windows 11', os.arch: 'amd64', os.version: '10.0', java.version: '24.0.2'
[2026-03-04 16:05:28] [ZAP] [ZAP Daemon] Driver info: org.openqa.selenium.firefox.FirefoxDriver
[2026-03-04 16:05:28] [ZAP] [ZAP Daemon] Command: [null, newSession {capabilities=[Capabilities {acceptInsecureCerts: true, browserName: firefox, moz:firefoxOptions: {args: [-headless], prefs: {browser.tabs.documentchannel: false, devtools.jsonview.enabled: false, dom.serviceWorkers.enabled: true, network.captive-portal-service.enabled: false, network.proxy.allow_hijacking_localhost: true, network.proxy.http: 127.0.0.1, network.proxy.http_port: 55465, network.proxy.no_proxies_on: , network.proxy.share_proxy_settings: true, network.proxy.ssl: 127.0.0.1, network.proxy.ssl_port: 55465, network.proxy.type: 1, remote.active-protocols: 1}}, unhandledPromptBehavior: ignore, webSocketUrl: true}]}]
[2026-03-04 16:05:28] [ZAP] [ZAP Daemon] 777580 [ZAP-ActiveScanner-11] WARN  org.zaproxy.zap.extension.domxss.DomXssScanRule - Skipping scanner, failed to start browser: Could not start a new session. Response code 500. Message: Expected browser binary location, but unable to find binary in default location, no 'moz:firefoxOptions.binary' capability provided, and no binary flag set on the command line
[2026-03-04 16:05:28] [ZAP] [ZAP Daemon] Host info: host: 'DELL-INS7420', ip: '192.168.29.48'
[2026-03-04 16:05:28] [ZAP] [ZAP Daemon] Build info: version: '4.39.0', revision: '126f156aee'
[2026-03-04 16:05:28] [ZAP] [ZAP Daemon] System info: os.name: 'Windows 11', os.arch: 'amd64', os.version: '10.0', java.version: '24.0.2'
[2026-03-04 16:05:28] [ZAP] [ZAP Daemon] Driver info: org.openqa.selenium.firefox.FirefoxDriver
[2026-03-04 16:05:28] [ZAP] [ZAP Daemon] Command: [null, newSession {capabilities=[Capabilities {acceptInsecureCerts: true, browserName: firefox, moz:firefoxOptions: {args: [-headless], prefs: {browser.tabs.documentchannel: false, devtools.jsonview.enabled: false, dom.serviceWorkers.enabled: true, network.captive-portal-service.enabled: false, network.proxy.allow_hijacking_localhost: true, network.proxy.http: 127.0.0.1, network.proxy.http_port: 55465, network.proxy.no_proxies_on: , network.proxy.share_proxy_settings: true, network.proxy.ssl: 127.0.0.1, network.proxy.ssl_port: 55465, network.proxy.type: 1, remote.active-protocols: 1}}, unhandledPromptBehavior: ignore, webSocketUrl: true}]}]
[2026-03-04 16:05:28] [ZAP] [ZAP Daemon] 777578 [ZAP-ActiveScanner-3] WARN  org.zaproxy.zap.extension.domxss.DomXssScanRule - Skipping scanner, failed to start browser: Could not start a new session. Response code 500. Message: Expected browser binary location, but unable to find binary in default location, no 'moz:firefoxOptions.binary' capability provided, and no binary flag set on the command line
[2026-03-04 16:05:28] [ZAP] [ZAP Daemon] Host info: host: 'DELL-INS7420', ip: '192.168.29.48'
[2026-03-04 16:05:28] [ZAP] [ZAP Daemon] Build info: version: '4.39.0', revision: '126f156aee'
[2026-03-04 16:05:28] [ZAP] [ZAP Daemon] System info: os.name: 'Windows 11', os.arch: 'amd64', os.version: '10.0', java.version: '24.0.2'
[2026-03-04 16:05:28] [ZAP] [ZAP Daemon] Driver info: org.openqa.selenium.firefox.FirefoxDriver
[2026-03-04 16:05:28] [ZAP] [ZAP Daemon] Command: [null, newSession {capabilities=[Capabilities {acceptInsecureCerts: true, browserName: firefox, moz:firefoxOptions: {args: [-headless], prefs: {browser.tabs.documentchannel: false, devtools.jsonview.enabled: false, dom.serviceWorkers.enabled: true, network.captive-portal-service.enabled: false, network.proxy.allow_hijacking_localhost: true, network.proxy.http: 127.0.0.1, network.proxy.http_port: 55465, network.proxy.no_proxies_on: , network.proxy.share_proxy_settings: true, network.proxy.ssl: 127.0.0.1, network.proxy.ssl_port: 55465, network.proxy.type: 1, remote.active-protocols: 1}}, unhandledPromptBehavior: ignore, webSocketUrl: true}]}]
[2026-03-04 16:05:28] [ZAP] [ZAP Daemon] 777578 [ZAP-ActiveScanner-9] WARN  org.zaproxy.zap.extension.domxss.DomXssScanRule - Skipping scanner, failed to start browser: Could not start a new session. Response code 500. Message: Expected browser binary location, but unable to find binary in default location, no 'moz:firefoxOptions.binary' capability provided, and no binary flag set on the command line
[2026-03-04 16:05:28] [ZAP] [ZAP Daemon] Host info: host: 'DELL-INS7420', ip: '192.168.29.48'
[2026-03-04 16:05:28] [ZAP] [ZAP Daemon] Build info: version: '4.39.0', revision: '126f156aee'
[2026-03-04 16:05:28] [ZAP] [ZAP Daemon] System info: os.name: 'Windows 11', os.arch: 'amd64', os.version: '10.0', java.version: '24.0.2'
[2026-03-04 16:05:28] [ZAP] [ZAP Daemon] Driver info: org.openqa.selenium.firefox.FirefoxDriver
[2026-03-04 16:05:28] [ZAP] [ZAP Daemon] Command: [null, newSession {capabilities=[Capabilities {acceptInsecureCerts: true, browserName: firefox, moz:firefoxOptions: {args: [-headless], prefs: {browser.tabs.documentchannel: false, devtools.jsonview.enabled: false, dom.serviceWorkers.enabled: true, network.captive-portal-service.enabled: false, network.proxy.allow_hijacking_localhost: true, network.proxy.http: 127.0.0.1, network.proxy.http_port: 55465, network.proxy.no_proxies_on: , network.proxy.share_proxy_settings: true, network.proxy.ssl: 127.0.0.1, network.proxy.ssl_port: 55465, network.proxy.type: 1, remote.active-protocols: 1}}, unhandledPromptBehavior: ignore, webSocketUrl: true}]}]
[2026-03-04 16:05:28] [ZAP] [ZAP Daemon] 777578 [ZAP-ActiveScanner-21] WARN  org.zaproxy.zap.extension.domxss.DomXssScanRule - Skipping scanner, failed to start browser: Could not start a new session. Response code 500. Message: Expected browser binary location, but unable to find binary in default location, no 'moz:firefoxOptions.binary' capability provided, and no binary flag set on the command line
[2026-03-04 16:05:28] [ZAP] [ZAP Daemon] Host info: host: 'DELL-INS7420', ip: '192.168.29.48'
[2026-03-04 16:05:28] [ZAP] [ZAP Daemon] Build info: version: '4.39.0', revision: '126f156aee'
[2026-03-04 16:05:28] [ZAP] [ZAP Daemon] System info: os.name: 'Windows 11', os.arch: 'amd64', os.version: '10.0', java.version: '24.0.2'
[2026-03-04 16:05:28] [ZAP] [ZAP Daemon] Driver info: org.openqa.selenium.firefox.FirefoxDriver
[2026-03-04 16:05:28] [ZAP] [ZAP Daemon] Command: [null, newSession {capabilities=[Capabilities {acceptInsecureCerts: true, browserName: firefox, moz:firefoxOptions: {args: [-headless], prefs: {browser.tabs.documentchannel: false, devtools.jsonview.enabled: false, dom.serviceWorkers.enabled: true, network.captive-portal-service.enabled: false, network.proxy.allow_hijacking_localhost: true, network.proxy.http: 127.0.0.1, network.proxy.http_port: 55465, network.proxy.no_proxies_on: , network.proxy.share_proxy_settings: true, network.proxy.ssl: 127.0.0.1, network.proxy.ssl_port: 55465, network.proxy.type: 1, remote.active-protocols: 1}}, unhandledPromptBehavior: ignore, webSocketUrl: true}]}]
[2026-03-04 16:05:28] [ZAP] [ZAP Daemon] 777578 [ZAP-ActiveScanner-1] WARN  org.zaproxy.zap.extension.domxss.DomXssScanRule - Skipping scanner, failed to start browser: Could not start a new session. Response code 500. Message: Expected browser binary location, but unable to find binary in default location, no 'moz:firefoxOptions.binary' capability provided, and no binary flag set on the command line
[2026-03-04 16:05:28] [ZAP] [ZAP Daemon] Host info: host: 'DELL-INS7420', ip: '192.168.29.48'
[2026-03-04 16:05:28] [ZAP] [ZAP Daemon] Build info: version: '4.39.0', revision: '126f156aee'
[2026-03-04 16:05:28] [ZAP] [ZAP Daemon] System info: os.name: 'Windows 11', os.arch: 'amd64', os.version: '10.0', java.version: '24.0.2'
[2026-03-04 16:05:28] [ZAP] [ZAP Daemon] Driver info: org.openqa.selenium.firefox.FirefoxDriver
[2026-03-04 16:05:28] [ZAP] [ZAP Daemon] Command: [null, newSession {capabilities=[Capabilities {acceptInsecureCerts: true, browserName: firefox, moz:firefoxOptions: {args: [-headless], prefs: {browser.tabs.documentchannel: false, devtools.jsonview.enabled: false, dom.serviceWorkers.enabled: true, network.captive-portal-service.enabled: false, network.proxy.allow_hijacking_localhost: true, network.proxy.http: 127.0.0.1, network.proxy.http_port: 55465, network.proxy.no_proxies_on: , network.proxy.share_proxy_settings: true, network.proxy.ssl: 127.0.0.1, network.proxy.ssl_port: 55465, network.proxy.type: 1, remote.active-protocols: 1}}, unhandledPromptBehavior: ignore, webSocketUrl: true}]}]
[2026-03-04 16:05:28] [ZAP] [ZAP Daemon] 777577 [ZAP-ActiveScanner-5] WARN  org.zaproxy.zap.extension.domxss.DomXssScanRule - Skipping scanner, failed to start browser: Could not start a new session. Response code 500. Message: Expected browser binary location, but unable to find binary in default location, no 'moz:firefoxOptions.binary' capability provided, and no binary flag set on the command line
[2026-03-04 16:05:28] [ZAP] [ZAP Daemon] Host info: host: 'DELL-INS7420', ip: '192.168.29.48'
[2026-03-04 16:05:28] [ZAP] [ZAP Daemon] Build info: version: '4.39.0', revision: '126f156aee'
[2026-03-04 16:05:28] [ZAP] [ZAP Daemon] System info: os.name: 'Windows 11', os.arch: 'amd64', os.version: '10.0', java.version: '24.0.2'
[2026-03-04 16:05:28] [ZAP] [ZAP Daemon] Driver info: org.openqa.selenium.firefox.FirefoxDriver
[2026-03-04 16:05:28] [ZAP] [ZAP Daemon] Command: [null, newSession {capabilities=[Capabilities {acceptInsecureCerts: true, browserName: firefox, moz:firefoxOptions: {args: [-headless], prefs: {browser.tabs.documentchannel: false, devtools.jsonview.enabled: false, dom.serviceWorkers.enabled: true, network.captive-portal-service.enabled: false, network.proxy.allow_hijacking_localhost: true, network.proxy.http: 127.0.0.1, network.proxy.http_port: 55465, network.proxy.no_proxies_on: , network.proxy.share_proxy_settings: true, network.proxy.ssl: 127.0.0.1, network.proxy.ssl_port: 55465, network.proxy.type: 1, remote.active-protocols: 1}}, unhandledPromptBehavior: ignore, webSocketUrl: true}]}]
[2026-03-04 16:05:28] [ZAP] [ZAP Daemon] 777577 [ZAP-ActiveScanner-12] WARN  org.zaproxy.zap.extension.domxss.DomXssScanRule - Skipping scanner, failed to start browser: Could not start a new session. Response code 500. Message: Expected browser binary location, but unable to find binary in default location, no 'moz:firefoxOptions.binary' capability provided, and no binary flag set on the command line
[2026-03-04 16:05:28] [ZAP] [ZAP Daemon] Host info: host: 'DELL-INS7420', ip: '192.168.29.48'
[2026-03-04 16:05:28] [ZAP] [ZAP Daemon] Build info: version: '4.39.0', revision: '126f156aee'
[2026-03-04 16:05:28] [ZAP] [ZAP Daemon] System info: os.name: 'Windows 11', os.arch: 'amd64', os.version: '10.0', java.version: '24.0.2'
[2026-03-04 16:05:28] [ZAP] [ZAP Daemon] Driver info: org.openqa.selenium.firefox.FirefoxDriver
[2026-03-04 16:05:28] [ZAP] [ZAP Daemon] Command: [null, newSession {capabilities=[Capabilities {acceptInsecureCerts: true, browserName: firefox, moz:firefoxOptions: {args: [-headless], prefs: {browser.tabs.documentchannel: false, devtools.jsonview.enabled: false, dom.serviceWorkers.enabled: true, network.captive-portal-service.enabled: false, network.proxy.allow_hijacking_localhost: true, network.proxy.http: 127.0.0.1, network.proxy.http_port: 55465, network.proxy.no_proxies_on: , network.proxy.share_proxy_settings: true, network.proxy.ssl: 127.0.0.1, network.proxy.ssl_port: 55465, network.proxy.type: 1, remote.active-protocols: 1}}, unhandledPromptBehavior: ignore, webSocketUrl: true}]}]
[2026-03-04 16:05:28] [ZAP] [ZAP Daemon] 777594 [ZAP-ActiveScanner-23] WARN  org.zaproxy.zap.extension.domxss.DomXssScanRule - Skipping scanner, failed to start browser: Could not start a new session. Response code 500. Message: Expected browser binary location, but unable to find binary in default location, no 'moz:firefoxOptions.binary' capability provided, and no binary flag set on the command line
[2026-03-04 16:05:28] [ZAP] [ZAP Daemon] Host info: host: 'DELL-INS7420', ip: '192.168.29.48'
[2026-03-04 16:05:28] [ZAP] [ZAP Daemon] Build info: version: '4.39.0', revision: '126f156aee'
[2026-03-04 16:05:28] [ZAP] [ZAP Daemon] System info: os.name: 'Windows 11', os.arch: 'amd64', os.version: '10.0', java.version: '24.0.2'
[2026-03-04 16:05:28] [ZAP] [ZAP Daemon] Driver info: org.openqa.selenium.firefox.FirefoxDriver
[2026-03-04 16:05:28] [ZAP] [ZAP Daemon] Command: [null, newSession {capabilities=[Capabilities {acceptInsecureCerts: true, browserName: firefox, moz:firefoxOptions: {args: [-headless], prefs: {browser.tabs.documentchannel: false, devtools.jsonview.enabled: false, dom.serviceWorkers.enabled: true, network.captive-portal-service.enabled: false, network.proxy.allow_hijacking_localhost: true, network.proxy.http: 127.0.0.1, network.proxy.http_port: 55465, network.proxy.no_proxies_on: , network.proxy.share_proxy_settings: true, network.proxy.ssl: 127.0.0.1, network.proxy.ssl_port: 55465, network.proxy.type: 1, remote.active-protocols: 1}}, unhandledPromptBehavior: ignore, webSocketUrl: true}]}]
[2026-03-04 16:05:28] [ZAP] [ZAP Daemon] 777846 [ZAP-Scanner-0] INFO  org.parosproxy.paros.core.scanner.HostProcess - start host http://testphp.vulnweb.com | SqlInjectionMsSqlTimingScanRule strength MEDIUM threshold MEDIUM
[2026-03-04 16:05:28] [ZAP] [PROGRESS] ZAP AScan: 38%
[2026-03-04 16:05:33] [ZAP] [PROGRESS] ZAP AScan: 39%
[2026-03-04 16:05:39] [ZAP] [PROGRESS] ZAP AScan: 39%
[2026-03-04 16:05:44] [ZAP] [PROGRESS] ZAP AScan: 39%
[2026-03-04 16:05:49] [ZAP] [PROGRESS] ZAP AScan: 39%
[2026-03-04 16:05:54] [ZAP] [PROGRESS] ZAP AScan: 39%
[2026-03-04 16:05:59] [ZAP] [PROGRESS] ZAP AScan: 39%
[2026-03-04 16:06:04] [ZAP] [PROGRESS] ZAP AScan: 39%
[2026-03-04 16:06:09] [ZAP] [PROGRESS] ZAP AScan: 39%
[2026-03-04 16:06:14] [ZAP] [PROGRESS] ZAP AScan: 39%
[2026-03-04 16:06:16] [ZAP] [ZAP Daemon] 825440 [ZAP-Scanner-0] INFO  org.parosproxy.paros.core.scanner.HostProcess - start host http://testphp.vulnweb.com | Log4ShellScanRule strength MEDIUM threshold MEDIUM
[2026-03-04 16:06:16] [ZAP] [ZAP Daemon] 825444 [ZAP-Scanner-0] INFO  org.parosproxy.paros.core.scanner.HostProcess - start host http://testphp.vulnweb.com | Spring4ShellScanRule strength MEDIUM threshold MEDIUM
[2026-03-04 16:06:19] [ZAP] [PROGRESS] ZAP AScan: 42%
[2026-03-04 16:06:24] [ZAP] [PROGRESS] ZAP AScan: 43%
[2026-03-04 16:06:24] [ZAP] [ZAP Daemon] 833519 [ZAP-Scanner-0] INFO  org.parosproxy.paros.core.scanner.HostProcess - start host http://testphp.vulnweb.com | React2ShellScanRule strength MEDIUM threshold MEDIUM
[2026-03-04 16:06:24] [ZAP] [ZAP Daemon] 833522 [ZAP-Scanner-0] INFO  org.parosproxy.paros.core.scanner.HostProcess - start host http://testphp.vulnweb.com | CodeInjectionScanRule strength MEDIUM threshold MEDIUM
[2026-03-04 16:06:29] [ZAP] [PROGRESS] ZAP AScan: 46%
[2026-03-04 16:06:34] [ZAP] [PROGRESS] ZAP AScan: 47%
[2026-03-04 16:06:39] [ZAP] [PROGRESS] ZAP AScan: 47%
[2026-03-04 16:06:44] [ZAP] [PROGRESS] ZAP AScan: 47%
[2026-03-04 16:06:49] [ZAP] [PROGRESS] ZAP AScan: 47%
[2026-03-04 16:06:54] [ZAP] [PROGRESS] ZAP AScan: 47%
[2026-03-04 16:06:59] [ZAP] [PROGRESS] ZAP AScan: 47%
[2026-03-04 16:07:01] [ZAP] [ZAP Daemon] 871128 [ZAP-Scanner-0] INFO  org.parosproxy.paros.core.scanner.HostProcess - start host http://testphp.vulnweb.com | CommandInjectionScanRule strength MEDIUM threshold MEDIUM
[2026-03-04 16:07:04] [ZAP] [PROGRESS] ZAP AScan: 47%
[2026-03-04 16:07:09] [ZAP] [PROGRESS] ZAP AScan: 49%
[2026-03-04 16:07:14] [ZAP] [PROGRESS] ZAP AScan: 49%
[2026-03-04 16:07:19] [ZAP] [PROGRESS] ZAP AScan: 49%
[2026-03-04 16:07:24] [ZAP] [PROGRESS] ZAP AScan: 49%
[2026-03-04 16:07:29] [ZAP] [PROGRESS] ZAP AScan: 49%
[2026-03-04 16:07:34] [ZAP] [PROGRESS] ZAP AScan: 49%
[2026-03-04 16:07:39] [ZAP] [PROGRESS] ZAP AScan: 49%
[2026-03-04 16:07:44] [ZAP] [PROGRESS] ZAP AScan: 49%
[2026-03-04 16:07:49] [ZAP] [PROGRESS] ZAP AScan: 49%
[2026-03-04 16:07:54] [ZAP] [PROGRESS] ZAP AScan: 49%
[2026-03-04 16:07:59] [ZAP] [PROGRESS] ZAP AScan: 49%
[2026-03-04 16:08:04] [ZAP] [PROGRESS] ZAP AScan: 49%
[2026-03-04 16:08:09] [ZAP] [PROGRESS] ZAP AScan: 49%
[2026-03-04 16:08:14] [ZAP] [PROGRESS] ZAP AScan: 49%
[2026-03-04 16:08:19] [ZAP] [PROGRESS] ZAP AScan: 49%
[2026-03-04 16:08:24] [ZAP] [PROGRESS] ZAP AScan: 49%
[2026-03-04 16:08:29] [ZAP] [PROGRESS] ZAP AScan: 49%
[2026-03-04 16:08:32] [ZAP] [ZAP Daemon] 961689 [ZAP-Scanner-0] INFO  org.parosproxy.paros.core.scanner.HostProcess - start host http://testphp.vulnweb.com | XpathInjectionScanRule strength MEDIUM threshold MEDIUM
[2026-03-04 16:08:34] [ZAP] [PROGRESS] ZAP AScan: 49%
[2026-03-04 16:08:39] [ZAP] [PROGRESS] ZAP AScan: 50%
[2026-03-04 16:08:44] [ZAP] [PROGRESS] ZAP AScan: 50%
[2026-03-04 16:08:46] [ZAP] [ZAP Daemon] 975888 [ZAP-Scanner-0] INFO  org.parosproxy.paros.core.scanner.HostProcess - start host http://testphp.vulnweb.com | XxeScanRule strength MEDIUM threshold MEDIUM
[2026-03-04 16:08:49] [ZAP] [PROGRESS] ZAP AScan: 51%
[2026-03-04 16:08:51] [ZAP] [ZAP Daemon] 980671 [ZAP-Scanner-0] INFO  org.parosproxy.paros.core.scanner.HostProcess - start host http://testphp.vulnweb.com | PaddingOracleScanRule strength MEDIUM threshold MEDIUM
[2026-03-04 16:08:54] [ZAP] [PROGRESS] ZAP AScan: 53%
[2026-03-04 16:08:55] [ZAP] [ZAP Daemon] 985209 [ZAP-Scanner-0] INFO  org.parosproxy.paros.core.scanner.HostProcess - start host http://testphp.vulnweb.com | CloudMetadataScanRule strength MEDIUM threshold MEDIUM
[2026-03-04 16:08:55] [ZAP] [ZAP Daemon] 985209 [ZAP-Scanner-0] INFO  org.parosproxy.paros.core.scanner.HostProcess - start host http://testphp.vulnweb.com | SstiScanRule strength MEDIUM threshold MEDIUM
[2026-03-04 16:08:56] [ZAP] [ZAP Daemon] 985481 [ZAP-ActiveScanner-0] INFO  org.apache.hc.client5.http.impl.classic.ZapHttpRequestRetryExec - Recoverable I/O exception (org.apache.hc.core5.http.NoHttpResponseException) caught when processing request to {}->http://testphp.vulnweb.com:80
[2026-03-04 16:08:56] [ZAP] [ZAP Daemon] 985998 [ZAP-ActiveScanner-0] INFO  org.apache.hc.client5.http.impl.classic.ZapHttpRequestRetryExec - Recoverable I/O exception (org.apache.hc.core5.http.NoHttpResponseException) caught when processing request to {}->http://testphp.vulnweb.com:80
[2026-03-04 16:08:57] [ZAP] [ZAP Daemon] 986518 [ZAP-ActiveScanner-0] INFO  org.apache.hc.client5.http.impl.classic.ZapHttpRequestRetryExec - Recoverable I/O exception (org.apache.hc.core5.http.NoHttpResponseException) caught when processing request to {}->http://testphp.vulnweb.com:80
[2026-03-04 16:08:57] [ZAP] [ZAP Daemon] 987035 [ZAP-ActiveScanner-0] WARN  org.zaproxy.zap.extension.ascanrules.CloudMetadataScanRule - Error sending request to 169.254.169.254: testphp.vulnweb.com:80 failed to respond
[2026-03-04 16:08:57] [ZAP] [ZAP Daemon] org.apache.hc.core5.http.NoHttpResponseException: testphp.vulnweb.com:80 failed to respond
[2026-03-04 16:08:57] [ZAP] [ZAP Daemon] at org.apache.hc.core5.http.impl.io.DefaultBHttpClientConnection.receiveResponseHeader(DefaultBHttpClientConnection.java:301)
[2026-03-04 16:08:57] [ZAP] [ZAP Daemon] at org.zaproxy.addon.network.internal.client.apachev5.ZapHttpRequestExecutor.execute(ZapHttpRequestExecutor.java:78)
[2026-03-04 16:08:57] [ZAP] [ZAP Daemon] at org.apache.hc.core5.http.impl.io.HttpRequestExecutor.execute(HttpRequestExecutor.java:218)
[2026-03-04 16:08:57] [ZAP] [ZAP Daemon] at org.apache.hc.client5.http.impl.io.PoolingHttpClientConnectionManager$InternalConnectionEndpoint.execute(PoolingHttpClientConnectionManager.java:712)
[2026-03-04 16:08:57] [ZAP] [ZAP Daemon] at org.apache.hc.client5.http.impl.classic.InternalExecRuntime.execute(InternalExecRuntime.java:216)
[2026-03-04 16:08:57] [ZAP] [ZAP Daemon] at org.apache.hc.client5.http.impl.classic.MainClientExec.execute(MainClientExec.java:116)
[2026-03-04 16:08:57] [ZAP] [ZAP Daemon] at org.apache.hc.client5.http.impl.classic.ExecChainElement.execute(ExecChainElement.java:51)
[2026-03-04 16:08:57] [ZAP] [ZAP Daemon] at org.apache.hc.client5.http.impl.classic.ConnectExec.execute(ConnectExec.java:188)
[2026-03-04 16:08:57] [ZAP] [ZAP Daemon] at org.apache.hc.client5.http.impl.classic.ExecChainElement.execute(ExecChainElement.java:51)
[2026-03-04 16:08:57] [ZAP] [ZAP Daemon] at org.apache.hc.client5.http.impl.classic.ZapProtocolExec.execute(ZapProtocolExec.java:179)
[2026-03-04 16:08:57] [ZAP] [ZAP Daemon] at org.apache.hc.client5.http.impl.classic.ExecChainElement.execute(ExecChainElement.java:51)
[2026-03-04 16:08:57] [ZAP] [ZAP Daemon] at org.apache.hc.client5.http.impl.classic.ZapHttpRequestRetryExec.execute(ZapHttpRequestRetryExec.java:81)
[2026-03-04 16:08:57] [ZAP] [ZAP Daemon] at org.apache.hc.client5.http.impl.classic.ExecChainElement.execute(ExecChainElement.java:51)
[2026-03-04 16:08:57] [ZAP] [ZAP Daemon] at org.apache.hc.client5.http.impl.classic.ZapInternalHttpClient.doExecute(ZapInternalHttpClient.java:173)
[2026-03-04 16:08:57] [ZAP] [ZAP Daemon] at org.apache.hc.client5.http.impl.classic.CloseableHttpClient.execute(CloseableHttpClient.java:245)
[2026-03-04 16:08:57] [ZAP] [ZAP Daemon] at org.apache.hc.client5.http.impl.classic.CloseableHttpClient.execute(CloseableHttpClient.java:188)
[2026-03-04 16:08:57] [ZAP] [ZAP Daemon] at org.zaproxy.addon.network.internal.client.apachev5.HttpSenderApache.sendImpl0(HttpSenderApache.java:486)
[2026-03-04 16:08:57] [ZAP] [ZAP Daemon] at org.zaproxy.addon.network.internal.client.apachev5.HttpSenderApache.sendImpl(HttpSenderApache.java:365)
[2026-03-04 16:08:57] [ZAP] [ZAP Daemon] at org.zaproxy.addon.network.internal.client.apachev5.HttpSenderApache.sendImpl(HttpSenderApache.java:116)
[2026-03-04 16:08:57] [ZAP] [ZAP Daemon] at org.zaproxy.addon.network.internal.client.BaseHttpSender.sendRateLimited(BaseHttpSender.java:415)
[2026-03-04 16:08:57] [ZAP] [ZAP Daemon] at org.zaproxy.addon.network.internal.client.BaseHttpSender.sendAuthenticated(BaseHttpSender.java:383)
[2026-03-04 16:08:57] [ZAP] [ZAP Daemon] at org.zaproxy.addon.network.internal.client.BaseHttpSender.sendNoRedirections(BaseHttpSender.java:351)
[2026-03-04 16:08:57] [ZAP] [ZAP Daemon] at org.zaproxy.addon.network.internal.client.BaseHttpSender.send(BaseHttpSender.java:307)
[2026-03-04 16:08:57] [ZAP] [ZAP Daemon] at org.zaproxy.addon.network.internal.client.BaseHttpSender.sendAndReceive(BaseHttpSender.java:278)
[2026-03-04 16:08:57] [ZAP] [ZAP Daemon] at org.zaproxy.addon.network.internal.client.BaseHttpSender.sendAndReceive(BaseHttpSender.java:234)
[2026-03-04 16:08:57] [ZAP] [ZAP Daemon] at org.parosproxy.paros.network.HttpSender.sendImpl(HttpSender.java:536)
[2026-03-04 16:08:57] [ZAP] [ZAP Daemon] at org.parosproxy.paros.network.HttpSender.sendAndReceive(HttpSender.java:368)
[2026-03-04 16:08:57] [ZAP] [ZAP Daemon] at org.zaproxy.zap.extension.ascanrules.CloudMetadataScanRule.scan(CloudMetadataScanRule.java:190)
[2026-03-04 16:08:57] [ZAP] [ZAP Daemon] at java.base/java.lang.Thread.run(Thread.java:1447)
[2026-03-04 16:08:58] [ZAP] [ZAP Daemon] 987588 [ZAP-ActiveScanner-0] INFO  org.apache.hc.client5.http.impl.classic.ZapHttpRequestRetryExec - Recoverable I/O exception (org.apache.hc.core5.http.NoHttpResponseException) caught when processing request to {}->http://testphp.vulnweb.com:80
[2026-03-04 16:08:58] [ZAP] [ZAP Daemon] 988114 [ZAP-ActiveScanner-0] INFO  org.apache.hc.client5.http.impl.classic.ZapHttpRequestRetryExec - Recoverable I/O exception (org.apache.hc.core5.http.NoHttpResponseException) caught when processing request to {}->http://testphp.vulnweb.com:80
[2026-03-04 16:08:59] [ZAP] [ZAP Daemon] 988634 [ZAP-ActiveScanner-0] INFO  org.apache.hc.client5.http.impl.classic.ZapHttpRequestRetryExec - Recoverable I/O exception (org.apache.hc.core5.http.NoHttpResponseException) caught when processing request to {}->http://testphp.vulnweb.com:80
[2026-03-04 16:08:59] [ZAP] [PROGRESS] ZAP AScan: 55%
[2026-03-04 16:08:59] [ZAP] [ZAP Daemon] 989150 [ZAP-ActiveScanner-0] WARN  org.zaproxy.zap.extension.ascanrules.CloudMetadataScanRule - Error sending request to aws.zaproxy.org: testphp.vulnweb.com:80 failed to respond
[2026-03-04 16:08:59] [ZAP] [ZAP Daemon] org.apache.hc.core5.http.NoHttpResponseException: testphp.vulnweb.com:80 failed to respond
[2026-03-04 16:08:59] [ZAP] [ZAP Daemon] at org.apache.hc.core5.http.impl.io.DefaultBHttpClientConnection.receiveResponseHeader(DefaultBHttpClientConnection.java:301)
[2026-03-04 16:08:59] [ZAP] [ZAP Daemon] at org.zaproxy.addon.network.internal.client.apachev5.ZapHttpRequestExecutor.execute(ZapHttpRequestExecutor.java:78)
[2026-03-04 16:08:59] [ZAP] [ZAP Daemon] at org.apache.hc.core5.http.impl.io.HttpRequestExecutor.execute(HttpRequestExecutor.java:218)
[2026-03-04 16:08:59] [ZAP] [ZAP Daemon] at org.apache.hc.client5.http.impl.io.PoolingHttpClientConnectionManager$InternalConnectionEndpoint.execute(PoolingHttpClientConnectionManager.java:712)
[2026-03-04 16:08:59] [ZAP] [ZAP Daemon] at org.apache.hc.client5.http.impl.classic.InternalExecRuntime.execute(InternalExecRuntime.java:216)
[2026-03-04 16:08:59] [ZAP] [ZAP Daemon] at org.apache.hc.client5.http.impl.classic.MainClientExec.execute(MainClientExec.java:116)
[2026-03-04 16:08:59] [ZAP] [ZAP Daemon] at org.apache.hc.client5.http.impl.classic.ExecChainElement.execute(ExecChainElement.java:51)
[2026-03-04 16:08:59] [ZAP] [ZAP Daemon] at org.apache.hc.client5.http.impl.classic.ConnectExec.execute(ConnectExec.java:188)
[2026-03-04 16:08:59] [ZAP] [ZAP Daemon] at org.apache.hc.client5.http.impl.classic.ExecChainElement.execute(ExecChainElement.java:51)
[2026-03-04 16:08:59] [ZAP] [ZAP Daemon] at org.apache.hc.client5.http.impl.classic.ZapProtocolExec.execute(ZapProtocolExec.java:179)
[2026-03-04 16:08:59] [ZAP] [ZAP Daemon] at org.apache.hc.client5.http.impl.classic.ExecChainElement.execute(ExecChainElement.java:51)
[2026-03-04 16:08:59] [ZAP] [ZAP Daemon] at org.apache.hc.client5.http.impl.classic.ZapHttpRequestRetryExec.execute(ZapHttpRequestRetryExec.java:81)
[2026-03-04 16:08:59] [ZAP] [ZAP Daemon] at org.apache.hc.client5.http.impl.classic.ExecChainElement.execute(ExecChainElement.java:51)
[2026-03-04 16:08:59] [ZAP] [ZAP Daemon] at org.apache.hc.client5.http.impl.classic.ZapInternalHttpClient.doExecute(ZapInternalHttpClient.java:173)
[2026-03-04 16:08:59] [ZAP] [ZAP Daemon] at org.apache.hc.client5.http.impl.classic.CloseableHttpClient.execute(CloseableHttpClient.java:245)
[2026-03-04 16:08:59] [ZAP] [ZAP Daemon] at org.apache.hc.client5.http.impl.classic.CloseableHttpClient.execute(CloseableHttpClient.java:188)
[2026-03-04 16:08:59] [ZAP] [ZAP Daemon] at org.zaproxy.addon.network.internal.client.apachev5.HttpSenderApache.sendImpl0(HttpSenderApache.java:486)
[2026-03-04 16:08:59] [ZAP] [ZAP Daemon] at org.zaproxy.addon.network.internal.client.apachev5.HttpSenderApache.sendImpl(HttpSenderApache.java:365)
[2026-03-04 16:08:59] [ZAP] [ZAP Daemon] at org.zaproxy.addon.network.internal.client.apachev5.HttpSenderApache.sendImpl(HttpSenderApache.java:116)
[2026-03-04 16:08:59] [ZAP] [ZAP Daemon] at org.zaproxy.addon.network.internal.client.BaseHttpSender.sendRateLimited(BaseHttpSender.java:415)
[2026-03-04 16:08:59] [ZAP] [ZAP Daemon] at org.zaproxy.addon.network.internal.client.BaseHttpSender.sendAuthenticated(BaseHttpSender.java:383)
[2026-03-04 16:08:59] [ZAP] [ZAP Daemon] at org.zaproxy.addon.network.internal.client.BaseHttpSender.sendNoRedirections(BaseHttpSender.java:351)
[2026-03-04 16:08:59] [ZAP] [ZAP Daemon] at org.zaproxy.addon.network.internal.client.BaseHttpSender.send(BaseHttpSender.java:307)
[2026-03-04 16:08:59] [ZAP] [ZAP Daemon] at org.zaproxy.addon.network.internal.client.BaseHttpSender.sendAndReceive(BaseHttpSender.java:278)
[2026-03-04 16:08:59] [ZAP] [ZAP Daemon] at org.zaproxy.addon.network.internal.client.BaseHttpSender.sendAndReceive(BaseHttpSender.java:234)
[2026-03-04 16:08:59] [ZAP] [ZAP Daemon] at org.parosproxy.paros.network.HttpSender.sendImpl(HttpSender.java:536)
[2026-03-04 16:08:59] [ZAP] [ZAP Daemon] at org.parosproxy.paros.network.HttpSender.sendAndReceive(HttpSender.java:368)
[2026-03-04 16:08:59] [ZAP] [ZAP Daemon] at org.zaproxy.zap.extension.ascanrules.CloudMetadataScanRule.scan(CloudMetadataScanRule.java:190)
[2026-03-04 16:08:59] [ZAP] [ZAP Daemon] at java.base/java.lang.Thread.run(Thread.java:1447)
[2026-03-04 16:09:00] [ZAP] [ZAP Daemon] 989665 [ZAP-ActiveScanner-0] INFO  org.apache.hc.client5.http.impl.classic.ZapHttpRequestRetryExec - Recoverable I/O exception (org.apache.hc.core5.http.NoHttpResponseException) caught when processing request to {}->http://testphp.vulnweb.com:80
[2026-03-04 16:09:00] [ZAP] [ZAP Daemon] 990185 [ZAP-ActiveScanner-0] INFO  org.apache.hc.client5.http.impl.classic.ZapHttpRequestRetryExec - Recoverable I/O exception (org.apache.hc.core5.http.NoHttpResponseException) caught when processing request to {}->http://testphp.vulnweb.com:80
[2026-03-04 16:09:01] [ZAP] [ZAP Daemon] 990713 [ZAP-ActiveScanner-0] INFO  org.apache.hc.client5.http.impl.classic.ZapHttpRequestRetryExec - Recoverable I/O exception (org.apache.hc.core5.http.NoHttpResponseException) caught when processing request to {}->http://testphp.vulnweb.com:80
[2026-03-04 16:09:02] [ZAP] [ZAP Daemon] 991240 [ZAP-ActiveScanner-0] WARN  org.zaproxy.zap.extension.ascanrules.CloudMetadataScanRule - Error sending request to 169.254.169.254: testphp.vulnweb.com:80 failed to respond
[2026-03-04 16:09:02] [ZAP] [ZAP Daemon] org.apache.hc.core5.http.NoHttpResponseException: testphp.vulnweb.com:80 failed to respond
[2026-03-04 16:09:02] [ZAP] [ZAP Daemon] at org.apache.hc.core5.http.impl.io.DefaultBHttpClientConnection.receiveResponseHeader(DefaultBHttpClientConnection.java:301)
[2026-03-04 16:09:02] [ZAP] [ZAP Daemon] at org.zaproxy.addon.network.internal.client.apachev5.ZapHttpRequestExecutor.execute(ZapHttpRequestExecutor.java:78)
[2026-03-04 16:09:02] [ZAP] [ZAP Daemon] at org.apache.hc.core5.http.impl.io.HttpRequestExecutor.execute(HttpRequestExecutor.java:218)
[2026-03-04 16:09:02] [ZAP] [ZAP Daemon] at org.apache.hc.client5.http.impl.io.PoolingHttpClientConnectionManager$InternalConnectionEndpoint.execute(PoolingHttpClientConnectionManager.java:712)
[2026-03-04 16:09:02] [ZAP] [ZAP Daemon] at org.apache.hc.client5.http.impl.classic.InternalExecRuntime.execute(InternalExecRuntime.java:216)
[2026-03-04 16:09:02] [ZAP] [ZAP Daemon] at org.apache.hc.client5.http.impl.classic.MainClientExec.execute(MainClientExec.java:116)
[2026-03-04 16:09:02] [ZAP] [ZAP Daemon] at org.apache.hc.client5.http.impl.classic.ExecChainElement.execute(ExecChainElement.java:51)
[2026-03-04 16:09:02] [ZAP] [ZAP Daemon] at org.apache.hc.client5.http.impl.classic.ConnectExec.execute(ConnectExec.java:188)
[2026-03-04 16:09:02] [ZAP] [ZAP Daemon] at org.apache.hc.client5.http.impl.classic.ExecChainElement.execute(ExecChainElement.java:51)
[2026-03-04 16:09:02] [ZAP] [ZAP Daemon] at org.apache.hc.client5.http.impl.classic.ZapProtocolExec.execute(ZapProtocolExec.java:179)
[2026-03-04 16:09:02] [ZAP] [ZAP Daemon] at org.apache.hc.client5.http.impl.classic.ExecChainElement.execute(ExecChainElement.java:51)
[2026-03-04 16:09:02] [ZAP] [ZAP Daemon] at org.apache.hc.client5.http.impl.classic.ZapHttpRequestRetryExec.execute(ZapHttpRequestRetryExec.java:81)
[2026-03-04 16:09:02] [ZAP] [ZAP Daemon] at org.apache.hc.client5.http.impl.classic.ExecChainElement.execute(ExecChainElement.java:51)
[2026-03-04 16:09:02] [ZAP] [ZAP Daemon] at org.apache.hc.client5.http.impl.classic.ZapInternalHttpClient.doExecute(ZapInternalHttpClient.java:173)
[2026-03-04 16:09:02] [ZAP] [ZAP Daemon] at org.apache.hc.client5.http.impl.classic.CloseableHttpClient.execute(CloseableHttpClient.java:245)
[2026-03-04 16:09:02] [ZAP] [ZAP Daemon] at org.apache.hc.client5.http.impl.classic.CloseableHttpClient.execute(CloseableHttpClient.java:188)
[2026-03-04 16:09:02] [ZAP] [ZAP Daemon] at org.zaproxy.addon.network.internal.client.apachev5.HttpSenderApache.sendImpl0(HttpSenderApache.java:486)
[2026-03-04 16:09:02] [ZAP] [ZAP Daemon] at org.zaproxy.addon.network.internal.client.apachev5.HttpSenderApache.sendImpl(HttpSenderApache.java:365)
[2026-03-04 16:09:02] [ZAP] [ZAP Daemon] at org.zaproxy.addon.network.internal.client.apachev5.HttpSenderApache.sendImpl(HttpSenderApache.java:116)
[2026-03-04 16:09:02] [ZAP] [ZAP Daemon] at org.zaproxy.addon.network.internal.client.BaseHttpSender.sendRateLimited(BaseHttpSender.java:415)
[2026-03-04 16:09:02] [ZAP] [ZAP Daemon] at org.zaproxy.addon.network.internal.client.BaseHttpSender.sendAuthenticated(BaseHttpSender.java:383)
[2026-03-04 16:09:02] [ZAP] [ZAP Daemon] at org.zaproxy.addon.network.internal.client.BaseHttpSender.sendNoRedirections(BaseHttpSender.java:351)
[2026-03-04 16:09:02] [ZAP] [ZAP Daemon] at org.zaproxy.addon.network.internal.client.BaseHttpSender.send(BaseHttpSender.java:307)
[2026-03-04 16:09:02] [ZAP] [ZAP Daemon] at org.zaproxy.addon.network.internal.client.BaseHttpSender.sendAndReceive(BaseHttpSender.java:278)
[2026-03-04 16:09:02] [ZAP] [ZAP Daemon] at org.zaproxy.addon.network.internal.client.BaseHttpSender.sendAndReceive(BaseHttpSender.java:234)
[2026-03-04 16:09:02] [ZAP] [ZAP Daemon] at org.parosproxy.paros.network.HttpSender.sendImpl(HttpSender.java:536)
[2026-03-04 16:09:02] [ZAP] [ZAP Daemon] at org.parosproxy.paros.network.HttpSender.sendAndReceive(HttpSender.java:368)
[2026-03-04 16:09:02] [ZAP] [ZAP Daemon] at org.zaproxy.zap.extension.ascanrules.CloudMetadataScanRule.scan(CloudMetadataScanRule.java:190)
[2026-03-04 16:09:02] [ZAP] [ZAP Daemon] at java.base/java.lang.Thread.run(Thread.java:1447)
[2026-03-04 16:09:02] [ZAP] [ZAP Daemon] 991759 [ZAP-ActiveScanner-0] INFO  org.apache.hc.client5.http.impl.classic.ZapHttpRequestRetryExec - Recoverable I/O exception (org.apache.hc.core5.http.NoHttpResponseException) caught when processing request to {}->http://testphp.vulnweb.com:80
[2026-03-04 16:09:03] [ZAP] [ZAP Daemon] 992275 [ZAP-ActiveScanner-0] INFO  org.apache.hc.client5.http.impl.classic.ZapHttpRequestRetryExec - Recoverable I/O exception (org.apache.hc.core5.http.NoHttpResponseException) caught when processing request to {}->http://testphp.vulnweb.com:80
[2026-03-04 16:09:03] [ZAP] [ZAP Daemon] 992795 [ZAP-ActiveScanner-0] INFO  org.apache.hc.client5.http.impl.classic.ZapHttpRequestRetryExec - Recoverable I/O exception (org.apache.hc.core5.http.NoHttpResponseException) caught when processing request to {}->http://testphp.vulnweb.com:80
[2026-03-04 16:09:04] [ZAP] [ZAP Daemon] 993309 [ZAP-ActiveScanner-0] WARN  org.zaproxy.zap.extension.ascanrules.CloudMetadataScanRule - Error sending request to metadata.google.internal: testphp.vulnweb.com:80 failed to respond
[2026-03-04 16:09:04] [ZAP] [ZAP Daemon] org.apache.hc.core5.http.NoHttpResponseException: testphp.vulnweb.com:80 failed to respond
[2026-03-04 16:09:04] [ZAP] [ZAP Daemon] at org.apache.hc.core5.http.impl.io.DefaultBHttpClientConnection.receiveResponseHeader(DefaultBHttpClientConnection.java:301)
[2026-03-04 16:09:04] [ZAP] [ZAP Daemon] at org.zaproxy.addon.network.internal.client.apachev5.ZapHttpRequestExecutor.execute(ZapHttpRequestExecutor.java:78)
[2026-03-04 16:09:04] [ZAP] [ZAP Daemon] at org.apache.hc.core5.http.impl.io.HttpRequestExecutor.execute(HttpRequestExecutor.java:218)
[2026-03-04 16:09:04] [ZAP] [ZAP Daemon] at org.apache.hc.client5.http.impl.io.PoolingHttpClientConnectionManager$InternalConnectionEndpoint.execute(PoolingHttpClientConnectionManager.java:712)
[2026-03-04 16:09:04] [ZAP] [ZAP Daemon] at org.apache.hc.client5.http.impl.classic.InternalExecRuntime.execute(InternalExecRuntime.java:216)
[2026-03-04 16:09:04] [ZAP] [ZAP Daemon] at org.apache.hc.client5.http.impl.classic.MainClientExec.execute(MainClientExec.java:116)
[2026-03-04 16:09:04] [ZAP] [ZAP Daemon] at org.apache.hc.client5.http.impl.classic.ExecChainElement.execute(ExecChainElement.java:51)
[2026-03-04 16:09:04] [ZAP] [ZAP Daemon] at org.apache.hc.client5.http.impl.classic.ConnectExec.execute(ConnectExec.java:188)
[2026-03-04 16:09:04] [ZAP] [ZAP Daemon] at org.apache.hc.client5.http.impl.classic.ExecChainElement.execute(ExecChainElement.java:51)
[2026-03-04 16:09:04] [ZAP] [ZAP Daemon] at org.apache.hc.client5.http.impl.classic.ZapProtocolExec.execute(ZapProtocolExec.java:179)
[2026-03-04 16:09:04] [ZAP] [ZAP Daemon] at org.apache.hc.client5.http.impl.classic.ExecChainElement.execute(ExecChainElement.java:51)
[2026-03-04 16:09:04] [ZAP] [ZAP Daemon] at org.apache.hc.client5.http.impl.classic.ZapHttpRequestRetryExec.execute(ZapHttpRequestRetryExec.java:81)
[2026-03-04 16:09:04] [ZAP] [ZAP Daemon] at org.apache.hc.client5.http.impl.classic.ExecChainElement.execute(ExecChainElement.java:51)
[2026-03-04 16:09:04] [ZAP] [ZAP Daemon] at org.apache.hc.client5.http.impl.classic.ZapInternalHttpClient.doExecute(ZapInternalHttpClient.java:173)
[2026-03-04 16:09:04] [ZAP] [ZAP Daemon] at org.apache.hc.client5.http.impl.classic.CloseableHttpClient.execute(CloseableHttpClient.java:245)
[2026-03-04 16:09:04] [ZAP] [ZAP Daemon] at org.apache.hc.client5.http.impl.classic.CloseableHttpClient.execute(CloseableHttpClient.java:188)
[2026-03-04 16:09:04] [ZAP] [ZAP Daemon] at org.zaproxy.addon.network.internal.client.apachev5.HttpSenderApache.sendImpl0(HttpSenderApache.java:486)
[2026-03-04 16:09:04] [ZAP] [ZAP Daemon] at org.zaproxy.addon.network.internal.client.apachev5.HttpSenderApache.sendImpl(HttpSenderApache.java:365)
[2026-03-04 16:09:04] [ZAP] [ZAP Daemon] at org.zaproxy.addon.network.internal.client.apachev5.HttpSenderApache.sendImpl(HttpSenderApache.java:116)
[2026-03-04 16:09:04] [ZAP] [ZAP Daemon] at org.zaproxy.addon.network.internal.client.BaseHttpSender.sendRateLimited(BaseHttpSender.java:415)
[2026-03-04 16:09:04] [ZAP] [ZAP Daemon] at org.zaproxy.addon.network.internal.client.BaseHttpSender.sendAuthenticated(BaseHttpSender.java:383)
[2026-03-04 16:09:04] [ZAP] [ZAP Daemon] at org.zaproxy.addon.network.internal.client.BaseHttpSender.sendNoRedirections(BaseHttpSender.java:351)
[2026-03-04 16:09:04] [ZAP] [ZAP Daemon] at org.zaproxy.addon.network.internal.client.BaseHttpSender.send(BaseHttpSender.java:307)
[2026-03-04 16:09:04] [ZAP] [ZAP Daemon] at org.zaproxy.addon.network.internal.client.BaseHttpSender.sendAndReceive(BaseHttpSender.java:278)
[2026-03-04 16:09:04] [ZAP] [ZAP Daemon] at org.zaproxy.addon.network.internal.client.BaseHttpSender.sendAndReceive(BaseHttpSender.java:234)
[2026-03-04 16:09:04] [ZAP] [ZAP Daemon] at org.parosproxy.paros.network.HttpSender.sendImpl(HttpSender.java:536)
[2026-03-04 16:09:04] [ZAP] [ZAP Daemon] at org.parosproxy.paros.network.HttpSender.sendAndReceive(HttpSender.java:368)
[2026-03-04 16:09:04] [ZAP] [ZAP Daemon] at org.zaproxy.zap.extension.ascanrules.CloudMetadataScanRule.scan(CloudMetadataScanRule.java:190)
[2026-03-04 16:09:04] [ZAP] [ZAP Daemon] at java.base/java.lang.Thread.run(Thread.java:1447)
[2026-03-04 16:09:04] [ZAP] [ZAP Daemon] 993837 [ZAP-ActiveScanner-0] INFO  org.apache.hc.client5.http.impl.classic.ZapHttpRequestRetryExec - Recoverable I/O exception (org.apache.hc.core5.http.NoHttpResponseException) caught when processing request to {}->http://testphp.vulnweb.com:80
[2026-03-04 16:09:04] [ZAP] [PROGRESS] ZAP AScan: 55%
[2026-03-04 16:09:05] [ZAP] [ZAP Daemon] 994354 [ZAP-ActiveScanner-0] INFO  org.apache.hc.client5.http.impl.classic.ZapHttpRequestRetryExec - Recoverable I/O exception (org.apache.hc.core5.http.NoHttpResponseException) caught when processing request to {}->http://testphp.vulnweb.com:80
[2026-03-04 16:09:05] [ZAP] [ZAP Daemon] 994878 [ZAP-ActiveScanner-0] INFO  org.apache.hc.client5.http.impl.classic.ZapHttpRequestRetryExec - Recoverable I/O exception (org.apache.hc.core5.http.NoHttpResponseException) caught when processing request to {}->http://testphp.vulnweb.com:80
[2026-03-04 16:09:06] [ZAP] [ZAP Daemon] 995404 [ZAP-ActiveScanner-0] WARN  org.zaproxy.zap.extension.ascanrules.CloudMetadataScanRule - Error sending request to 169.254.169.254: testphp.vulnweb.com:80 failed to respond
[2026-03-04 16:09:06] [ZAP] [ZAP Daemon] org.apache.hc.core5.http.NoHttpResponseException: testphp.vulnweb.com:80 failed to respond
[2026-03-04 16:09:06] [ZAP] [ZAP Daemon] at org.apache.hc.core5.http.impl.io.DefaultBHttpClientConnection.receiveResponseHeader(DefaultBHttpClientConnection.java:301)
[2026-03-04 16:09:06] [ZAP] [ZAP Daemon] at org.zaproxy.addon.network.internal.client.apachev5.ZapHttpRequestExecutor.execute(ZapHttpRequestExecutor.java:78)
[2026-03-04 16:09:06] [ZAP] [ZAP Daemon] at org.apache.hc.core5.http.impl.io.HttpRequestExecutor.execute(HttpRequestExecutor.java:218)
[2026-03-04 16:09:06] [ZAP] [ZAP Daemon] at org.apache.hc.client5.http.impl.io.PoolingHttpClientConnectionManager$InternalConnectionEndpoint.execute(PoolingHttpClientConnectionManager.java:712)
[2026-03-04 16:09:06] [ZAP] [ZAP Daemon] at org.apache.hc.client5.http.impl.classic.InternalExecRuntime.execute(InternalExecRuntime.java:216)
[2026-03-04 16:09:06] [ZAP] [ZAP Daemon] at org.apache.hc.client5.http.impl.classic.MainClientExec.execute(MainClientExec.java:116)
[2026-03-04 16:09:06] [ZAP] [ZAP Daemon] at org.apache.hc.client5.http.impl.classic.ExecChainElement.execute(ExecChainElement.java:51)
[2026-03-04 16:09:06] [ZAP] [ZAP Daemon] at org.apache.hc.client5.http.impl.classic.ConnectExec.execute(ConnectExec.java:188)
[2026-03-04 16:09:06] [ZAP] [ZAP Daemon] at org.apache.hc.client5.http.impl.classic.ExecChainElement.execute(ExecChainElement.java:51)
[2026-03-04 16:09:06] [ZAP] [ZAP Daemon] at org.apache.hc.client5.http.impl.classic.ZapProtocolExec.execute(ZapProtocolExec.java:179)
[2026-03-04 16:09:06] [ZAP] [ZAP Daemon] at org.apache.hc.client5.http.impl.classic.ExecChainElement.execute(ExecChainElement.java:51)
[2026-03-04 16:09:06] [ZAP] [ZAP Daemon] at org.apache.hc.client5.http.impl.classic.ZapHttpRequestRetryExec.execute(ZapHttpRequestRetryExec.java:81)
[2026-03-04 16:09:06] [ZAP] [ZAP Daemon] at org.apache.hc.client5.http.impl.classic.ExecChainElement.execute(ExecChainElement.java:51)
[2026-03-04 16:09:06] [ZAP] [ZAP Daemon] at org.apache.hc.client5.http.impl.classic.ZapInternalHttpClient.doExecute(ZapInternalHttpClient.java:173)
[2026-03-04 16:09:06] [ZAP] [ZAP Daemon] at org.apache.hc.client5.http.impl.classic.CloseableHttpClient.execute(CloseableHttpClient.java:245)
[2026-03-04 16:09:06] [ZAP] [ZAP Daemon] at org.apache.hc.client5.http.impl.classic.CloseableHttpClient.execute(CloseableHttpClient.java:188)
[2026-03-04 16:09:06] [ZAP] [ZAP Daemon] at org.zaproxy.addon.network.internal.client.apachev5.HttpSenderApache.sendImpl0(HttpSenderApache.java:486)
[2026-03-04 16:09:06] [ZAP] [ZAP Daemon] at org.zaproxy.addon.network.internal.client.apachev5.HttpSenderApache.sendImpl(HttpSenderApache.java:365)
[2026-03-04 16:09:06] [ZAP] [ZAP Daemon] at org.zaproxy.addon.network.internal.client.apachev5.HttpSenderApache.sendImpl(HttpSenderApache.java:116)
[2026-03-04 16:09:06] [ZAP] [ZAP Daemon] at org.zaproxy.addon.network.internal.client.BaseHttpSender.sendRateLimited(BaseHttpSender.java:415)
[2026-03-04 16:09:06] [ZAP] [ZAP Daemon] at org.zaproxy.addon.network.internal.client.BaseHttpSender.sendAuthenticated(BaseHttpSender.java:383)
[2026-03-04 16:09:06] [ZAP] [ZAP Daemon] at org.zaproxy.addon.network.internal.client.BaseHttpSender.sendNoRedirections(BaseHttpSender.java:351)
[2026-03-04 16:09:06] [ZAP] [ZAP Daemon] at org.zaproxy.addon.network.internal.client.BaseHttpSender.send(BaseHttpSender.java:307)
[2026-03-04 16:09:06] [ZAP] [ZAP Daemon] at org.zaproxy.addon.network.internal.client.BaseHttpSender.sendAndReceive(BaseHttpSender.java:278)
[2026-03-04 16:09:06] [ZAP] [ZAP Daemon] at org.zaproxy.addon.network.internal.client.BaseHttpSender.sendAndReceive(BaseHttpSender.java:234)
[2026-03-04 16:09:06] [ZAP] [ZAP Daemon] at org.parosproxy.paros.network.HttpSender.sendImpl(HttpSender.java:536)
[2026-03-04 16:09:06] [ZAP] [ZAP Daemon] at org.parosproxy.paros.network.HttpSender.sendAndReceive(HttpSender.java:368)
[2026-03-04 16:09:06] [ZAP] [ZAP Daemon] at org.zaproxy.zap.extension.ascanrules.CloudMetadataScanRule.scan(CloudMetadataScanRule.java:190)
[2026-03-04 16:09:06] [ZAP] [ZAP Daemon] at java.base/java.lang.Thread.run(Thread.java:1447)
[2026-03-04 16:09:06] [ZAP] [ZAP Daemon] 995922 [ZAP-ActiveScanner-0] INFO  org.apache.hc.client5.http.impl.classic.ZapHttpRequestRetryExec - Recoverable I/O exception (org.apache.hc.core5.http.NoHttpResponseException) caught when processing request to {}->http://testphp.vulnweb.com:80
[2026-03-04 16:09:07] [ZAP] [ZAP Daemon] 996444 [ZAP-ActiveScanner-0] INFO  org.apache.hc.client5.http.impl.classic.ZapHttpRequestRetryExec - Recoverable I/O exception (org.apache.hc.core5.http.NoHttpResponseException) caught when processing request to {}->http://testphp.vulnweb.com:80
[2026-03-04 16:09:07] [ZAP] [ZAP Daemon] 996968 [ZAP-ActiveScanner-0] INFO  org.apache.hc.client5.http.impl.classic.ZapHttpRequestRetryExec - Recoverable I/O exception (org.apache.hc.core5.http.NoHttpResponseException) caught when processing request to {}->http://testphp.vulnweb.com:80
[2026-03-04 16:09:08] [ZAP] [ZAP Daemon] 997493 [ZAP-ActiveScanner-0] WARN  org.zaproxy.zap.extension.ascanrules.CloudMetadataScanRule - Error sending request to metadata.oraclecloud.com: testphp.vulnweb.com:80 failed to respond
[2026-03-04 16:09:08] [ZAP] [ZAP Daemon] org.apache.hc.core5.http.NoHttpResponseException: testphp.vulnweb.com:80 failed to respond
[2026-03-04 16:09:08] [ZAP] [ZAP Daemon] at org.apache.hc.core5.http.impl.io.DefaultBHttpClientConnection.receiveResponseHeader(DefaultBHttpClientConnection.java:301)
[2026-03-04 16:09:08] [ZAP] [ZAP Daemon] at org.zaproxy.addon.network.internal.client.apachev5.ZapHttpRequestExecutor.execute(ZapHttpRequestExecutor.java:78)
[2026-03-04 16:09:08] [ZAP] [ZAP Daemon] at org.apache.hc.core5.http.impl.io.HttpRequestExecutor.execute(HttpRequestExecutor.java:218)
[2026-03-04 16:09:08] [ZAP] [ZAP Daemon] at org.apache.hc.client5.http.impl.io.PoolingHttpClientConnectionManager$InternalConnectionEndpoint.execute(PoolingHttpClientConnectionManager.java:712)
[2026-03-04 16:09:08] [ZAP] [ZAP Daemon] at org.apache.hc.client5.http.impl.classic.InternalExecRuntime.execute(InternalExecRuntime.java:216)
[2026-03-04 16:09:08] [ZAP] [ZAP Daemon] at org.apache.hc.client5.http.impl.classic.MainClientExec.execute(MainClientExec.java:116)
[2026-03-04 16:09:08] [ZAP] [ZAP Daemon] at org.apache.hc.client5.http.impl.classic.ExecChainElement.execute(ExecChainElement.java:51)
[2026-03-04 16:09:08] [ZAP] [ZAP Daemon] at org.apache.hc.client5.http.impl.classic.ConnectExec.execute(ConnectExec.java:188)
[2026-03-04 16:09:08] [ZAP] [ZAP Daemon] at org.apache.hc.client5.http.impl.classic.ExecChainElement.execute(ExecChainElement.java:51)
[2026-03-04 16:09:08] [ZAP] [ZAP Daemon] at org.apache.hc.client5.http.impl.classic.ZapProtocolExec.execute(ZapProtocolExec.java:179)
[2026-03-04 16:09:08] [ZAP] [ZAP Daemon] at org.apache.hc.client5.http.impl.classic.ExecChainElement.execute(ExecChainElement.java:51)
[2026-03-04 16:09:08] [ZAP] [ZAP Daemon] at org.apache.hc.client5.http.impl.classic.ZapHttpRequestRetryExec.execute(ZapHttpRequestRetryExec.java:81)
[2026-03-04 16:09:08] [ZAP] [ZAP Daemon] at org.apache.hc.client5.http.impl.classic.ExecChainElement.execute(ExecChainElement.java:51)
[2026-03-04 16:09:08] [ZAP] [ZAP Daemon] at org.apache.hc.client5.http.impl.classic.ZapInternalHttpClient.doExecute(ZapInternalHttpClient.java:173)
[2026-03-04 16:09:08] [ZAP] [ZAP Daemon] at org.apache.hc.client5.http.impl.classic.CloseableHttpClient.execute(CloseableHttpClient.java:245)
[2026-03-04 16:09:08] [ZAP] [ZAP Daemon] at org.apache.hc.client5.http.impl.classic.CloseableHttpClient.execute(CloseableHttpClient.java:188)
[2026-03-04 16:09:08] [ZAP] [ZAP Daemon] at org.zaproxy.addon.network.internal.client.apachev5.HttpSenderApache.sendImpl0(HttpSenderApache.java:486)
[2026-03-04 16:09:08] [ZAP] [ZAP Daemon] at org.zaproxy.addon.network.internal.client.apachev5.HttpSenderApache.sendImpl(HttpSenderApache.java:365)
[2026-03-04 16:09:08] [ZAP] [ZAP Daemon] at org.zaproxy.addon.network.internal.client.apachev5.HttpSenderApache.sendImpl(HttpSenderApache.java:116)
[2026-03-04 16:09:08] [ZAP] [ZAP Daemon] at org.zaproxy.addon.network.internal.client.BaseHttpSender.sendRateLimited(BaseHttpSender.java:415)
[2026-03-04 16:09:08] [ZAP] [ZAP Daemon] at org.zaproxy.addon.network.internal.client.BaseHttpSender.sendAuthenticated(BaseHttpSender.java:383)
[2026-03-04 16:09:08] [ZAP] [ZAP Daemon] at org.zaproxy.addon.network.internal.client.BaseHttpSender.sendNoRedirections(BaseHttpSender.java:351)
[2026-03-04 16:09:08] [ZAP] [ZAP Daemon] at org.zaproxy.addon.network.internal.client.BaseHttpSender.send(BaseHttpSender.java:307)
[2026-03-04 16:09:08] [ZAP] [ZAP Daemon] at org.zaproxy.addon.network.internal.client.BaseHttpSender.sendAndReceive(BaseHttpSender.java:278)
[2026-03-04 16:09:08] [ZAP] [ZAP Daemon] at org.zaproxy.addon.network.internal.client.BaseHttpSender.sendAndReceive(BaseHttpSender.java:234)
[2026-03-04 16:09:08] [ZAP] [ZAP Daemon] at org.parosproxy.paros.network.HttpSender.sendImpl(HttpSender.java:536)
[2026-03-04 16:09:08] [ZAP] [ZAP Daemon] at org.parosproxy.paros.network.HttpSender.sendAndReceive(HttpSender.java:368)
[2026-03-04 16:09:08] [ZAP] [ZAP Daemon] at org.zaproxy.zap.extension.ascanrules.CloudMetadataScanRule.scan(CloudMetadataScanRule.java:190)
[2026-03-04 16:09:08] [ZAP] [ZAP Daemon] at java.base/java.lang.Thread.run(Thread.java:1447)
[2026-03-04 16:09:08] [ZAP] [ZAP Daemon] 998046 [ZAP-ActiveScanner-0] INFO  org.apache.hc.client5.http.impl.classic.ZapHttpRequestRetryExec - Recoverable I/O exception (org.apache.hc.core5.http.NoHttpResponseException) caught when processing request to {}->http://testphp.vulnweb.com:80
[2026-03-04 16:09:09] [ZAP] [ZAP Daemon] 998573 [ZAP-ActiveScanner-0] INFO  org.apache.hc.client5.http.impl.classic.ZapHttpRequestRetryExec - Recoverable I/O exception (org.apache.hc.core5.http.NoHttpResponseException) caught when processing request to {}->http://testphp.vulnweb.com:80
[2026-03-04 16:09:09] [ZAP] [PROGRESS] ZAP AScan: 55%
[2026-03-04 16:09:09] [ZAP] [ZAP Daemon] 999094 [ZAP-ActiveScanner-0] INFO  org.apache.hc.client5.http.impl.classic.ZapHttpRequestRetryExec - Recoverable I/O exception (org.apache.hc.core5.http.NoHttpResponseException) caught when processing request to {}->http://testphp.vulnweb.com:80
[2026-03-04 16:09:10] [ZAP] [ZAP Daemon] 999615 [ZAP-ActiveScanner-0] WARN  org.zaproxy.zap.extension.ascanrules.CloudMetadataScanRule - Error sending request to 100.100.100.200: testphp.vulnweb.com:80 failed to respond
[2026-03-04 16:09:10] [ZAP] [ZAP Daemon] org.apache.hc.core5.http.NoHttpResponseException: testphp.vulnweb.com:80 failed to respond
[2026-03-04 16:09:10] [ZAP] [ZAP Daemon] at org.apache.hc.core5.http.impl.io.DefaultBHttpClientConnection.receiveResponseHeader(DefaultBHttpClientConnection.java:301)
[2026-03-04 16:09:10] [ZAP] [ZAP Daemon] at org.zaproxy.addon.network.internal.client.apachev5.ZapHttpRequestExecutor.execute(ZapHttpRequestExecutor.java:78)
[2026-03-04 16:09:10] [ZAP] [ZAP Daemon] at org.apache.hc.core5.http.impl.io.HttpRequestExecutor.execute(HttpRequestExecutor.java:218)
[2026-03-04 16:09:10] [ZAP] [ZAP Daemon] at org.apache.hc.client5.http.impl.io.PoolingHttpClientConnectionManager$InternalConnectionEndpoint.execute(PoolingHttpClientConnectionManager.java:712)
[2026-03-04 16:09:10] [ZAP] [ZAP Daemon] at org.apache.hc.client5.http.impl.classic.InternalExecRuntime.execute(InternalExecRuntime.java:216)
[2026-03-04 16:09:10] [ZAP] [ZAP Daemon] at org.apache.hc.client5.http.impl.classic.MainClientExec.execute(MainClientExec.java:116)
[2026-03-04 16:09:10] [ZAP] [ZAP Daemon] at org.apache.hc.client5.http.impl.classic.ExecChainElement.execute(ExecChainElement.java:51)
[2026-03-04 16:09:10] [ZAP] [ZAP Daemon] at org.apache.hc.client5.http.impl.classic.ConnectExec.execute(ConnectExec.java:188)
[2026-03-04 16:09:10] [ZAP] [ZAP Daemon] at org.apache.hc.client5.http.impl.classic.ExecChainElement.execute(ExecChainElement.java:51)
[2026-03-04 16:09:10] [ZAP] [ZAP Daemon] at org.apache.hc.client5.http.impl.classic.ZapProtocolExec.execute(ZapProtocolExec.java:179)
[2026-03-04 16:09:10] [ZAP] [ZAP Daemon] at org.apache.hc.client5.http.impl.classic.ExecChainElement.execute(ExecChainElement.java:51)
[2026-03-04 16:09:10] [ZAP] [ZAP Daemon] at org.apache.hc.client5.http.impl.classic.ZapHttpRequestRetryExec.execute(ZapHttpRequestRetryExec.java:81)
[2026-03-04 16:09:10] [ZAP] [ZAP Daemon] at org.apache.hc.client5.http.impl.classic.ExecChainElement.execute(ExecChainElement.java:51)
[2026-03-04 16:09:10] [ZAP] [ZAP Daemon] at org.apache.hc.client5.http.impl.classic.ZapInternalHttpClient.doExecute(ZapInternalHttpClient.java:173)
[2026-03-04 16:09:10] [ZAP] [ZAP Daemon] at org.apache.hc.client5.http.impl.classic.CloseableHttpClient.execute(CloseableHttpClient.java:245)
[2026-03-04 16:09:10] [ZAP] [ZAP Daemon] at org.apache.hc.client5.http.impl.classic.CloseableHttpClient.execute(CloseableHttpClient.java:188)
[2026-03-04 16:09:10] [ZAP] [ZAP Daemon] at org.zaproxy.addon.network.internal.client.apachev5.HttpSenderApache.sendImpl0(HttpSenderApache.java:486)
[2026-03-04 16:09:10] [ZAP] [ZAP Daemon] at org.zaproxy.addon.network.internal.client.apachev5.HttpSenderApache.sendImpl(HttpSenderApache.java:365)
[2026-03-04 16:09:10] [ZAP] [ZAP Daemon] at org.zaproxy.addon.network.internal.client.apachev5.HttpSenderApache.sendImpl(HttpSenderApache.java:116)
[2026-03-04 16:09:10] [ZAP] [ZAP Daemon] at org.zaproxy.addon.network.internal.client.BaseHttpSender.sendRateLimited(BaseHttpSender.java:415)
[2026-03-04 16:09:10] [ZAP] [ZAP Daemon] at org.zaproxy.addon.network.internal.client.BaseHttpSender.sendAuthenticated(BaseHttpSender.java:383)
[2026-03-04 16:09:10] [ZAP] [ZAP Daemon] at org.zaproxy.addon.network.internal.client.BaseHttpSender.sendNoRedirections(BaseHttpSender.java:351)
[2026-03-04 16:09:10] [ZAP] [ZAP Daemon] at org.zaproxy.addon.network.internal.client.BaseHttpSender.send(BaseHttpSender.java:307)
[2026-03-04 16:09:10] [ZAP] [ZAP Daemon] at org.zaproxy.addon.network.internal.client.BaseHttpSender.sendAndReceive(BaseHttpSender.java:278)
[2026-03-04 16:09:10] [ZAP] [ZAP Daemon] at org.zaproxy.addon.network.internal.client.BaseHttpSender.sendAndReceive(BaseHttpSender.java:234)
[2026-03-04 16:09:10] [ZAP] [ZAP Daemon] at org.parosproxy.paros.network.HttpSender.sendImpl(HttpSender.java:536)
[2026-03-04 16:09:10] [ZAP] [ZAP Daemon] at org.parosproxy.paros.network.HttpSender.sendAndReceive(HttpSender.java:368)
[2026-03-04 16:09:10] [ZAP] [ZAP Daemon] at org.zaproxy.zap.extension.ascanrules.CloudMetadataScanRule.scan(CloudMetadataScanRule.java:190)
[2026-03-04 16:09:10] [ZAP] [ZAP Daemon] at java.base/java.lang.Thread.run(Thread.java:1447)
[2026-03-04 16:09:10] [ZAP] [ZAP Daemon] 1000138 [ZAP-ActiveScanner-0] INFO  org.apache.hc.client5.http.impl.classic.ZapHttpRequestRetryExec - Recoverable I/O exception (org.apache.hc.core5.http.NoHttpResponseException) caught when processing request to {}->http://testphp.vulnweb.com:80
[2026-03-04 16:09:11] [ZAP] [ZAP Daemon] 1000651 [ZAP-ActiveScanner-0] INFO  org.apache.hc.client5.http.impl.classic.ZapHttpRequestRetryExec - Recoverable I/O exception (org.apache.hc.core5.http.NoHttpResponseException) caught when processing request to {}->http://testphp.vulnweb.com:80
[2026-03-04 16:09:11] [ZAP] [ZAP Daemon] 1001169 [ZAP-ActiveScanner-0] INFO  org.apache.hc.client5.http.impl.classic.ZapHttpRequestRetryExec - Recoverable I/O exception (org.apache.hc.core5.http.NoHttpResponseException) caught when processing request to {}->http://testphp.vulnweb.com:80
[2026-03-04 16:09:12] [ZAP] [ZAP Daemon] 1001687 [ZAP-ActiveScanner-0] WARN  org.zaproxy.zap.extension.ascanrules.CloudMetadataScanRule - Error sending request to alibaba.zaproxy.org: testphp.vulnweb.com:80 failed to respond
[2026-03-04 16:09:12] [ZAP] [ZAP Daemon] org.apache.hc.core5.http.NoHttpResponseException: testphp.vulnweb.com:80 failed to respond
[2026-03-04 16:09:12] [ZAP] [ZAP Daemon] at org.apache.hc.core5.http.impl.io.DefaultBHttpClientConnection.receiveResponseHeader(DefaultBHttpClientConnection.java:301)
[2026-03-04 16:09:12] [ZAP] [ZAP Daemon] at org.zaproxy.addon.network.internal.client.apachev5.ZapHttpRequestExecutor.execute(ZapHttpRequestExecutor.java:78)
[2026-03-04 16:09:12] [ZAP] [ZAP Daemon] at org.apache.hc.core5.http.impl.io.HttpRequestExecutor.execute(HttpRequestExecutor.java:218)
[2026-03-04 16:09:12] [ZAP] [ZAP Daemon] at org.apache.hc.client5.http.impl.io.PoolingHttpClientConnectionManager$InternalConnectionEndpoint.execute(PoolingHttpClientConnectionManager.java:712)
[2026-03-04 16:09:12] [ZAP] [ZAP Daemon] at org.apache.hc.client5.http.impl.classic.InternalExecRuntime.execute(InternalExecRuntime.java:216)
[2026-03-04 16:09:12] [ZAP] [ZAP Daemon] at org.apache.hc.client5.http.impl.classic.MainClientExec.execute(MainClientExec.java:116)
[2026-03-04 16:09:12] [ZAP] [ZAP Daemon] at org.apache.hc.client5.http.impl.classic.ExecChainElement.execute(ExecChainElement.java:51)
[2026-03-04 16:09:12] [ZAP] [ZAP Daemon] at org.apache.hc.client5.http.impl.classic.ConnectExec.execute(ConnectExec.java:188)
[2026-03-04 16:09:12] [ZAP] [ZAP Daemon] at org.apache.hc.client5.http.impl.classic.ExecChainElement.execute(ExecChainElement.java:51)
[2026-03-04 16:09:12] [ZAP] [ZAP Daemon] at org.apache.hc.client5.http.impl.classic.ZapProtocolExec.execute(ZapProtocolExec.java:179)
[2026-03-04 16:09:12] [ZAP] [ZAP Daemon] at org.apache.hc.client5.http.impl.classic.ExecChainElement.execute(ExecChainElement.java:51)
[2026-03-04 16:09:12] [ZAP] [ZAP Daemon] at org.apache.hc.client5.http.impl.classic.ZapHttpRequestRetryExec.execute(ZapHttpRequestRetryExec.java:81)
[2026-03-04 16:09:12] [ZAP] [ZAP Daemon] at org.apache.hc.client5.http.impl.classic.ExecChainElement.execute(ExecChainElement.java:51)
[2026-03-04 16:09:12] [ZAP] [ZAP Daemon] at org.apache.hc.client5.http.impl.classic.ZapInternalHttpClient.doExecute(ZapInternalHttpClient.java:173)
[2026-03-04 16:09:12] [ZAP] [ZAP Daemon] at org.apache.hc.client5.http.impl.classic.CloseableHttpClient.execute(CloseableHttpClient.java:245)
[2026-03-04 16:09:12] [ZAP] [ZAP Daemon] at org.apache.hc.client5.http.impl.classic.CloseableHttpClient.execute(CloseableHttpClient.java:188)
[2026-03-04 16:09:12] [ZAP] [ZAP Daemon] at org.zaproxy.addon.network.internal.client.apachev5.HttpSenderApache.sendImpl0(HttpSenderApache.java:486)
[2026-03-04 16:09:12] [ZAP] [ZAP Daemon] at org.zaproxy.addon.network.internal.client.apachev5.HttpSenderApache.sendImpl(HttpSenderApache.java:365)
[2026-03-04 16:09:12] [ZAP] [ZAP Daemon] at org.zaproxy.addon.network.internal.client.apachev5.HttpSenderApache.sendImpl(HttpSenderApache.java:116)
[2026-03-04 16:09:12] [ZAP] [ZAP Daemon] at org.zaproxy.addon.network.internal.client.BaseHttpSender.sendRateLimited(BaseHttpSender.java:415)
[2026-03-04 16:09:12] [ZAP] [ZAP Daemon] at org.zaproxy.addon.network.internal.client.BaseHttpSender.sendAuthenticated(BaseHttpSender.java:383)
[2026-03-04 16:09:12] [ZAP] [ZAP Daemon] at org.zaproxy.addon.network.internal.client.BaseHttpSender.sendNoRedirections(BaseHttpSender.java:351)
[2026-03-04 16:09:12] [ZAP] [ZAP Daemon] at org.zaproxy.addon.network.internal.client.BaseHttpSender.send(BaseHttpSender.java:307)
[2026-03-04 16:09:12] [ZAP] [ZAP Daemon] at org.zaproxy.addon.network.internal.client.BaseHttpSender.sendAndReceive(BaseHttpSender.java:278)
[2026-03-04 16:09:12] [ZAP] [ZAP Daemon] at org.zaproxy.addon.network.internal.client.BaseHttpSender.sendAndReceive(BaseHttpSender.java:234)
[2026-03-04 16:09:12] [ZAP] [ZAP Daemon] at org.parosproxy.paros.network.HttpSender.sendImpl(HttpSender.java:536)
[2026-03-04 16:09:12] [ZAP] [ZAP Daemon] at org.parosproxy.paros.network.HttpSender.sendAndReceive(HttpSender.java:368)
[2026-03-04 16:09:12] [ZAP] [ZAP Daemon] at org.zaproxy.zap.extension.ascanrules.CloudMetadataScanRule.scan(CloudMetadataScanRule.java:190)
[2026-03-04 16:09:12] [ZAP] [ZAP Daemon] at java.base/java.lang.Thread.run(Thread.java:1447)
[2026-03-04 16:09:12] [ZAP] [ZAP Daemon] 1002213 [ZAP-ActiveScanner-0] INFO  org.apache.hc.client5.http.impl.classic.ZapHttpRequestRetryExec - Recoverable I/O exception (org.apache.hc.core5.http.NoHttpResponseException) caught when processing request to {}->http://testphp.vulnweb.com:80
[2026-03-04 16:09:13] [ZAP] [ZAP Daemon] 1002753 [ZAP-ActiveScanner-0] INFO  org.apache.hc.client5.http.impl.classic.ZapHttpRequestRetryExec - Recoverable I/O exception (org.apache.hc.core5.http.NoHttpResponseException) caught when processing request to {}->http://testphp.vulnweb.com:80
[2026-03-04 16:09:14] [ZAP] [ZAP Daemon] 1003292 [ZAP-ActiveScanner-0] INFO  org.apache.hc.client5.http.impl.classic.ZapHttpRequestRetryExec - Recoverable I/O exception (org.apache.hc.core5.http.NoHttpResponseException) caught when processing request to {}->http://testphp.vulnweb.com:80
[2026-03-04 16:09:14] [ZAP] [ZAP Daemon] 1003816 [ZAP-ActiveScanner-0] WARN  org.zaproxy.zap.extension.ascanrules.CloudMetadataScanRule - Error sending request to 169.254.169.254: testphp.vulnweb.com:80 failed to respond
[2026-03-04 16:09:14] [ZAP] [ZAP Daemon] org.apache.hc.core5.http.NoHttpResponseException: testphp.vulnweb.com:80 failed to respond
[2026-03-04 16:09:14] [ZAP] [ZAP Daemon] at org.apache.hc.core5.http.impl.io.DefaultBHttpClientConnection.receiveResponseHeader(DefaultBHttpClientConnection.java:301)
[2026-03-04 16:09:14] [ZAP] [ZAP Daemon] at org.zaproxy.addon.network.internal.client.apachev5.ZapHttpRequestExecutor.execute(ZapHttpRequestExecutor.java:78)
[2026-03-04 16:09:14] [ZAP] [ZAP Daemon] at org.apache.hc.core5.http.impl.io.HttpRequestExecutor.execute(HttpRequestExecutor.java:218)
[2026-03-04 16:09:14] [ZAP] [ZAP Daemon] at org.apache.hc.client5.http.impl.io.PoolingHttpClientConnectionManager$InternalConnectionEndpoint.execute(PoolingHttpClientConnectionManager.java:712)
[2026-03-04 16:09:14] [ZAP] [ZAP Daemon] at org.apache.hc.client5.http.impl.classic.InternalExecRuntime.execute(InternalExecRuntime.java:216)
[2026-03-04 16:09:14] [ZAP] [ZAP Daemon] at org.apache.hc.client5.http.impl.classic.MainClientExec.execute(MainClientExec.java:116)
[2026-03-04 16:09:14] [ZAP] [ZAP Daemon] at org.apache.hc.client5.http.impl.classic.ExecChainElement.execute(ExecChainElement.java:51)
[2026-03-04 16:09:14] [ZAP] [ZAP Daemon] at org.apache.hc.client5.http.impl.classic.ConnectExec.execute(ConnectExec.java:188)
[2026-03-04 16:09:14] [ZAP] [ZAP Daemon] at org.apache.hc.client5.http.impl.classic.ExecChainElement.execute(ExecChainElement.java:51)
[2026-03-04 16:09:14] [ZAP] [ZAP Daemon] at org.apache.hc.client5.http.impl.classic.ZapProtocolExec.execute(ZapProtocolExec.java:179)
[2026-03-04 16:09:14] [ZAP] [ZAP Daemon] at org.apache.hc.client5.http.impl.classic.ExecChainElement.execute(ExecChainElement.java:51)
[2026-03-04 16:09:14] [ZAP] [ZAP Daemon] at org.apache.hc.client5.http.impl.classic.ZapHttpRequestRetryExec.execute(ZapHttpRequestRetryExec.java:81)
[2026-03-04 16:09:14] [ZAP] [ZAP Daemon] at org.apache.hc.client5.http.impl.classic.ExecChainElement.execute(ExecChainElement.java:51)
[2026-03-04 16:09:14] [ZAP] [ZAP Daemon] at org.apache.hc.client5.http.impl.classic.ZapInternalHttpClient.doExecute(ZapInternalHttpClient.java:173)
[2026-03-04 16:09:14] [ZAP] [ZAP Daemon] at org.apache.hc.client5.http.impl.classic.CloseableHttpClient.execute(CloseableHttpClient.java:245)
[2026-03-04 16:09:14] [ZAP] [ZAP Daemon] at org.apache.hc.client5.http.impl.classic.CloseableHttpClient.execute(CloseableHttpClient.java:188)
[2026-03-04 16:09:14] [ZAP] [ZAP Daemon] at org.zaproxy.addon.network.internal.client.apachev5.HttpSenderApache.sendImpl0(HttpSenderApache.java:486)
[2026-03-04 16:09:14] [ZAP] [ZAP Daemon] at org.zaproxy.addon.network.internal.client.apachev5.HttpSenderApache.sendImpl(HttpSenderApache.java:365)
[2026-03-04 16:09:14] [ZAP] [ZAP Daemon] at org.zaproxy.addon.network.internal.client.apachev5.HttpSenderApache.sendImpl(HttpSenderApache.java:116)
[2026-03-04 16:09:14] [ZAP] [ZAP Daemon] at org.zaproxy.addon.network.internal.client.BaseHttpSender.sendRateLimited(BaseHttpSender.java:415)
[2026-03-04 16:09:14] [ZAP] [ZAP Daemon] at org.zaproxy.addon.network.internal.client.BaseHttpSender.sendAuthenticated(BaseHttpSender.java:383)
[2026-03-04 16:09:14] [ZAP] [ZAP Daemon] at org.zaproxy.addon.network.internal.client.BaseHttpSender.sendNoRedirections(BaseHttpSender.java:351)
[2026-03-04 16:09:14] [ZAP] [ZAP Daemon] at org.zaproxy.addon.network.internal.client.BaseHttpSender.send(BaseHttpSender.java:307)
[2026-03-04 16:09:14] [ZAP] [ZAP Daemon] at org.zaproxy.addon.network.internal.client.BaseHttpSender.sendAndReceive(BaseHttpSender.java:278)
[2026-03-04 16:09:14] [ZAP] [ZAP Daemon] at org.zaproxy.addon.network.internal.client.BaseHttpSender.sendAndReceive(BaseHttpSender.java:234)
[2026-03-04 16:09:14] [ZAP] [ZAP Daemon] at org.parosproxy.paros.network.HttpSender.sendImpl(HttpSender.java:536)
[2026-03-04 16:09:14] [ZAP] [ZAP Daemon] at org.parosproxy.paros.network.HttpSender.sendAndReceive(HttpSender.java:368)
[2026-03-04 16:09:14] [ZAP] [ZAP Daemon] at org.zaproxy.zap.extension.ascanrules.CloudMetadataScanRule.scan(CloudMetadataScanRule.java:190)
[2026-03-04 16:09:14] [ZAP] [ZAP Daemon] at java.base/java.lang.Thread.run(Thread.java:1447)
[2026-03-04 16:09:14] [ZAP] [PROGRESS] ZAP AScan: 58%
[2026-03-04 16:09:19] [ZAP] [PROGRESS] ZAP AScan: 58%
[2026-03-04 16:09:24] [ZAP] [PROGRESS] ZAP AScan: 58%
[2026-03-04 16:09:29] [ZAP] [PROGRESS] ZAP AScan: 58%
[2026-03-04 16:09:34] [ZAP] [PROGRESS] ZAP AScan: 58%
[2026-03-04 16:09:39] [ZAP] [PROGRESS] ZAP AScan: 58%
[2026-03-04 16:09:44] [ZAP] [PROGRESS] ZAP AScan: 58%
[2026-03-04 16:09:49] [ZAP] [PROGRESS] ZAP AScan: 58%
[2026-03-04 16:09:54] [ZAP] [PROGRESS] ZAP AScan: 58%
[2026-03-04 16:09:59] [ZAP] [PROGRESS] ZAP AScan: 58%
[2026-03-04 16:10:01] [ZAP] [ZAP Daemon] 1051160 [ZAP-Scanner-0] INFO  org.parosproxy.paros.core.scanner.HostProcess - start host http://testphp.vulnweb.com | SstiBlindScanRule strength MEDIUM threshold MEDIUM
[2026-03-04 16:10:04] [ZAP] [PROGRESS] ZAP AScan: 59%
[2026-03-04 16:10:09] [ZAP] [PROGRESS] ZAP AScan: 60%
[2026-03-04 16:10:14] [ZAP] [PROGRESS] ZAP AScan: 60%
[2026-03-04 16:10:19] [ZAP] [PROGRESS] ZAP AScan: 60%
[2026-03-04 16:10:24] [ZAP] [PROGRESS] ZAP AScan: 60%
[2026-03-04 16:10:30] [ZAP] [PROGRESS] ZAP AScan: 60%
[2026-03-04 16:10:35] [ZAP] [PROGRESS] ZAP AScan: 60%
[2026-03-04 16:10:40] [ZAP] [PROGRESS] ZAP AScan: 60%
[2026-03-04 16:10:45] [ZAP] [PROGRESS] ZAP AScan: 60%
[2026-03-04 16:10:50] [ZAP] [PROGRESS] ZAP AScan: 60%
[2026-03-04 16:10:55] [ZAP] [PROGRESS] ZAP AScan: 60%
[2026-03-04 16:10:58] [ZAP] [ZAP Daemon] 1107803 [ZAP-Scanner-0] INFO  org.parosproxy.paros.core.scanner.HostProcess - start host http://testphp.vulnweb.com | CommandInjectionTimingScanRule strength MEDIUM threshold MEDIUM
[2026-03-04 16:11:00] [ZAP] [PROGRESS] ZAP AScan: 60%
[2026-03-04 16:11:05] [ZAP] [PROGRESS] ZAP AScan: 62%
[2026-03-04 16:11:10] [ZAP] [PROGRESS] ZAP AScan: 62%
[2026-03-04 16:11:15] [ZAP] [PROGRESS] ZAP AScan: 62%
[2026-03-04 16:11:20] [ZAP] [PROGRESS] ZAP AScan: 62%
[2026-03-04 16:11:25] [ZAP] [PROGRESS] ZAP AScan: 62%
[2026-03-04 16:11:30] [ZAP] [PROGRESS] ZAP AScan: 62%
[2026-03-04 16:11:35] [ZAP] [PROGRESS] ZAP AScan: 62%
[2026-03-04 16:11:40] [ZAP] [PROGRESS] ZAP AScan: 62%
[2026-03-04 16:11:45] [ZAP] [PROGRESS] ZAP AScan: 62%
[2026-03-04 16:11:50] [ZAP] [PROGRESS] ZAP AScan: 62%
[2026-03-04 16:11:55] [ZAP] [PROGRESS] ZAP AScan: 62%
[2026-03-04 16:12:00] [ZAP] [PROGRESS] ZAP AScan: 62%
[2026-03-04 16:12:05] [ZAP] [PROGRESS] ZAP AScan: 62%
[2026-03-04 16:12:10] [ZAP] [PROGRESS] ZAP AScan: 62%
[2026-03-04 16:12:15] [ZAP] [PROGRESS] ZAP AScan: 62%
[2026-03-04 16:12:15] [ZAP] [ZAP Daemon] 1184938 [ZAP-Scanner-0] INFO  org.parosproxy.paros.core.scanner.HostProcess - start host http://testphp.vulnweb.com | DirectoryBrowsingScanRule strength MEDIUM threshold MEDIUM
[2026-03-04 16:12:20] [ZAP] [PROGRESS] ZAP AScan: 63%
[2026-03-04 16:12:21] [ZAP] [ZAP Daemon] 1190272 [ZAP-Scanner-0] INFO  org.parosproxy.paros.core.scanner.HostProcess - start host http://testphp.vulnweb.com | HttpOnlySiteScanRule strength MEDIUM threshold MEDIUM
[2026-03-04 16:12:21] [ZAP] [ZAP Daemon] 1190273 [ZAP-Scanner-0] INFO  org.parosproxy.paros.core.scanner.HostProcess - start host http://testphp.vulnweb.com | BufferOverflowScanRule strength MEDIUM threshold MEDIUM
[2026-03-04 16:12:25] [ZAP] [PROGRESS] ZAP AScan: 64%
[2026-03-04 16:12:30] [ZAP] [PROGRESS] ZAP AScan: 65%
[2026-03-04 16:12:35] [ZAP] [PROGRESS] ZAP AScan: 65%
[2026-03-04 16:12:40] [ZAP] [PROGRESS] ZAP AScan: 65%
[2026-03-04 16:12:41] [ZAP] [ZAP Daemon] 1210313 [ZAP-Scanner-0] INFO  org.parosproxy.paros.core.scanner.HostProcess - start host http://testphp.vulnweb.com | FormatStringScanRule strength MEDIUM threshold MEDIUM
[2026-03-04 16:12:45] [ZAP] [PROGRESS] ZAP AScan: 69%
[2026-03-04 16:12:50] [ZAP] [PROGRESS] ZAP AScan: 69%
[2026-03-04 16:12:55] [ZAP] [ZAP Daemon] 1224263 [ZAP-Scanner-0] INFO  org.parosproxy.paros.core.scanner.HostProcess - start host http://testphp.vulnweb.com | CrlfInjectionScanRule strength MEDIUM threshold MEDIUM
[2026-03-04 16:12:55] [ZAP] [PROGRESS] ZAP AScan: 70%
[2026-03-04 16:13:00] [ZAP] [PROGRESS] ZAP AScan: 71%
[2026-03-04 16:13:05] [ZAP] [PROGRESS] ZAP AScan: 71%
[2026-03-04 16:13:10] [ZAP] [PROGRESS] ZAP AScan: 71%
[2026-03-04 16:13:15] [ZAP] [PROGRESS] ZAP AScan: 71%
[2026-03-04 16:13:20] [ZAP] [PROGRESS] ZAP AScan: 71%
[2026-03-04 16:13:25] [ZAP] [PROGRESS] ZAP AScan: 71%
[2026-03-04 16:13:28] [ZAP] [ZAP Daemon] 1257366 [ZAP-Scanner-0] INFO  org.parosproxy.paros.core.scanner.HostProcess - start host http://testphp.vulnweb.com | ParameterTamperScanRule strength MEDIUM threshold MEDIUM
[2026-03-04 16:13:30] [ZAP] [PROGRESS] ZAP AScan: 72%
[2026-03-04 16:13:35] [ZAP] [PROGRESS] ZAP AScan: 73%
[2026-03-04 16:13:40] [ZAP] [PROGRESS] ZAP AScan: 73%
[2026-03-04 16:13:45] [ZAP] [PROGRESS] ZAP AScan: 73%
[2026-03-04 16:13:50] [ZAP] [PROGRESS] ZAP AScan: 73%
[2026-03-04 16:13:55] [ZAP] [PROGRESS] ZAP AScan: 73%
[2026-03-04 16:14:00] [ZAP] [PROGRESS] ZAP AScan: 73%
[2026-03-04 16:14:00] [ZAP] [ZAP Daemon] 1290137 [ZAP-Scanner-0] INFO  org.parosproxy.paros.core.scanner.HostProcess - start host http://testphp.vulnweb.com | ElmahScanRule strength MEDIUM threshold MEDIUM
[2026-03-04 16:14:00] [ZAP] [ZAP Daemon] 1290138 [ZAP-Scanner-0] INFO  org.parosproxy.paros.core.scanner.HostProcess - start host http://testphp.vulnweb.com | TraceAxdScanRule strength MEDIUM threshold MEDIUM
[2026-03-04 16:14:05] [ZAP] [PROGRESS] ZAP AScan: 76%
[2026-03-04 16:14:06] [ZAP] [ZAP Daemon] 1295309 [ZAP-Scanner-0] INFO  org.parosproxy.paros.core.scanner.HostProcess - start host http://testphp.vulnweb.com | HtAccessScanRule strength MEDIUM threshold MEDIUM
[2026-03-04 16:14:10] [ZAP] [PROGRESS] ZAP AScan: 78%
[2026-03-04 16:14:10] [ZAP] [ZAP Daemon] 1300031 [ZAP-Scanner-0] INFO  org.parosproxy.paros.core.scanner.HostProcess - start host http://testphp.vulnweb.com | EnvFileScanRule strength MEDIUM threshold MEDIUM
[2026-03-04 16:14:15] [ZAP] [ZAP Daemon] 1304743 [ZAP-Scanner-0] INFO  org.parosproxy.paros.core.scanner.HostProcess - start host http://testphp.vulnweb.com | HiddenFilesScanRule strength MEDIUM threshold MEDIUM
[2026-03-04 16:14:15] [ZAP] [ZAP Daemon] 1304803 [ZAP-Scanner-0] INFO  org.parosproxy.paros.core.scanner.HostProcess - start host http://testphp.vulnweb.com | SpringActuatorScanRule strength MEDIUM threshold MEDIUM
[2026-03-04 16:14:15] [ZAP] [ZAP Daemon] 1304805 [ZAP-Scanner-0] INFO  org.parosproxy.paros.core.scanner.HostProcess - start host http://testphp.vulnweb.com | ExponentialEntityExpansionScanRule strength MEDIUM threshold MEDIUM
[2026-03-04 16:14:15] [ZAP] [PROGRESS] ZAP AScan: 81%
[2026-03-04 16:14:20] [ZAP] [PROGRESS] ZAP AScan: 83%
[2026-03-04 16:14:25] [ZAP] [PROGRESS] ZAP AScan: 83%
[2026-03-04 16:14:29] [ZAP] [ZAP Daemon] 1318987 [ZAP-Scanner-0] INFO  org.parosproxy.paros.core.scanner.HostProcess - start host http://testphp.vulnweb.com | XsltInjectionScanRule strength MEDIUM threshold MEDIUM
[2026-03-04 16:14:30] [ZAP] [PROGRESS] ZAP AScan: 87%
[2026-03-04 16:14:35] [ZAP] [PROGRESS] ZAP AScan: 88%
[2026-03-04 16:14:40] [ZAP] [PROGRESS] ZAP AScan: 88%
[2026-03-04 16:14:42] [ZAP] [ZAP Daemon] 1331474 [ZAP-Scanner-0] INFO  org.parosproxy.paros.core.scanner.HostProcess - start host http://testphp.vulnweb.com | HttpsAsHttpScanRule strength MEDIUM threshold MEDIUM
[2026-03-04 16:14:45] [ZAP] [PROGRESS] ZAP AScan: 89%
[2026-03-04 16:14:47] [ZAP] [ZAP Daemon] 1336248 [ZAP-Scanner-0] INFO  org.parosproxy.paros.core.scanner.HostProcess - start host http://testphp.vulnweb.com | GetForPostScanRule strength MEDIUM threshold MEDIUM
[2026-03-04 16:14:50] [ZAP] [PROGRESS] ZAP AScan: 91%
[2026-03-04 16:14:52] [ZAP] [ZAP Daemon] 1341269 [ZAP-Scanner-0] INFO  org.parosproxy.paros.core.scanner.HostProcess - start host http://testphp.vulnweb.com | UserAgentScanRule strength MEDIUM threshold MEDIUM
[2026-03-04 16:14:55] [ZAP] [PROGRESS] ZAP AScan: 93%
[2026-03-04 16:15:00] [ZAP] [PROGRESS] ZAP AScan: 93%
[2026-03-04 16:15:05] [ZAP] [PROGRESS] ZAP AScan: 94%
[2026-03-04 16:15:10] [ZAP] [PROGRESS] ZAP AScan: 94%
[2026-03-04 16:15:15] [ZAP] [PROGRESS] ZAP AScan: 94%
[2026-03-04 16:15:17] [ZAP] [ZAP Daemon] 1366852 [ZAP-Scanner-0] INFO  org.parosproxy.paros.core.scanner.HostProcess - start host http://testphp.vulnweb.com | ScriptsActiveScanner strength MEDIUM threshold MEDIUM
[2026-03-04 16:15:17] [ZAP] [ZAP Daemon] 1366884 [ZAP-Scanner-0] INFO  org.parosproxy.paros.core.scanner.HostProcess - start host http://testphp.vulnweb.com | SOAPActionSpoofingActiveScanRule strength MEDIUM threshold MEDIUM
[2026-03-04 16:15:20] [ZAP] [PROGRESS] ZAP AScan: 97%
[2026-03-04 16:15:22] [ZAP] [ZAP Daemon] 1371642 [ZAP-Scanner-0] INFO  org.parosproxy.paros.core.scanner.HostProcess - start host http://testphp.vulnweb.com | SOAPXMLInjectionActiveScanRule strength MEDIUM threshold MEDIUM
[2026-03-04 16:15:25] [ZAP] [PROGRESS] ZAP AScan: 99%
[2026-03-04 16:15:26] [ZAP] [ZAP Daemon] 1376167 [ZAP-Scanner-0] INFO  org.parosproxy.paros.core.scanner.HostProcess - completed host http://testphp.vulnweb.com in 1256.093s with 257 alert(s) raised.
[2026-03-04 16:15:26] [ZAP] [ZAP Daemon] 1376168 [Thread-5] INFO  org.parosproxy.paros.core.scanner.Scanner - scanner with ID 0 completed in 1307.59s
[2026-03-04 16:15:32] [INFO] [+] ZAP scan completed. Found 17 findings.
[2026-03-04 16:15:32] [EVENT] EVENT: scan_status | PAYLOAD: {"message": "Running Traffic Analysis Phase...", "phase": "traffic_analysis_phase"}
[2026-03-04 16:15:32] [INFO] [SETUP] Stopping background traffic capture for analysis...
[2026-03-04 16:15:35] [PHASE] [PHASE] TRAFFIC ANALYSIS - Post-Scan Forensics
[2026-03-04 16:15:35] [STAGE] [STAGE] Analyzing captured network traffic...
[2026-03-04 16:15:35] [INFO] [+] Traffic analysis completed.
[2026-03-04 16:15:35] [PHASE] [PHASE] REPORT GENERATION - Finalizing Audit
[2026-03-04 16:15:35] [EVENT] EVENT: scan_status | PAYLOAD: {"message": "Generating reports...", "phase": "Report Generation"}
[2026-03-04 16:15:35] [STAGE] [STAGE] Applying ML Threat Re-ranking (TCTR)...
[2026-03-04 16:15:35] [ZAP] [ZAP Daemon] 1384933 [ZAP-Shutdown] INFO  org.zaproxy.zap.extension.api.CoreAPI - ZAP 2.17.0 terminated.
[2026-03-04 16:16:10] [INFO] Generating Comprehensive Reports for testphp.vulnweb.com...
[2026-03-04 16:16:16] [EVENT] EVENT: report_ready | PAYLOAD: {"pdf_url": "/killchain/download_pdf?target=testphp.vulnweb.com", "json_url": "/killchain/download_json?target=testphp.vulnweb.com", "target": "testphp.vulnweb.com"}
[2026-03-04 16:16:16] [EVENT] EVENT: scan_complete | PAYLOAD: {"message": "Audit completed successfully!"}
[2026-03-04 16:16:16] [SUCCESS] AUDIT COMPLETED.
[2026-03-04 16:16:17] [INFO] Scan context cleaned up.
[2026-03-04 16:16:17] [EVENT] EVENT: scan_finalized | PAYLOAD: {"message": "Cleanup complete."}
